national_id,nom_fr,nom_en,type_1,type_2,image_url
"1","Bulbizarre","Bulbasaur","Plante","Poison","https://raw.githubusercontent.com/PokeAPI/sprites/master/sprites/pokemon/other/official-artwork/1.png"
"2","Herbizarre","Ivysaur","Plante","Poison","https://raw.githubusercontent.com/PokeAPI/sprites/master/sprites/pokemon/other/official-artwork/2.png"
"3","Florizarre","Venusaur","Plante","Poison","https://raw.githubusercontent.com/PokeAPI/sprites/master/sprites/pokemon/other/official-artwork/3.png"
"4","Salamèche","Charmander","Feu","","https://raw.githubusercontent.com/PokeAPI/sprites/master/sprites/pokemon/other/official-artwork/4.png"
"5","Reptincel","Charmeleon","Feu","","https://raw.githubusercontent.com/PokeAPI/sprites/master/sprites/pokemon/other/official-artwork/5.png"
"6","Dracaufeu","Charizard","Feu","Vol","https://raw.githubusercontent.com/PokeAPI/sprites/master/sprites/pokemon/other/official-artwork/6.png"
"7","Carapuce","Squirtle","Eau","","https://raw.githubusercontent.com/PokeAPI/sprites/master/sprites/pokemon/other/official-artwork/7.png"
"8","Carabaffe","Wartortle","Eau","","https://raw.githubusercontent.com/PokeAPI/sprites/master/sprites/pokemon/other/official-artwork/8.png"
"9","Tortank","Blastoise","Eau","","https://raw.githubusercontent.com/PokeAPI/sprites/master/sprites/pokemon/other/official-artwork/9.png"
"10","Chenipan","Caterpie","Insecte","","https://raw.githubusercontent.com/PokeAPI/sprites/master/sprites/pokemon/other/official-artwork/10.png"
"11","Chrysacier","Metapod","Insecte","","https://raw.githubusercontent.com/PokeAPI/sprites/master/sprites/pokemon/other/official-artwork/11.png"
"12","Papilusion","Butterfree","Insecte","Vol","https://raw.githubusercontent.com/PokeAPI/sprites/master/sprites/pokemon/other/official-artwork/12.png"
"13","Aspicot","Weedle","Insecte","Poison","https://raw.githubusercontent.com/PokeAPI/sprites/master/sprites/pokemon/other/official-artwork/13.png"
"14","Coconfort","Kakuna","Insecte","Poison","https://raw.githubusercontent.com/PokeAPI/sprites/master/sprites/pokemon/other/official-artwork/14.png"
"15","Dardargnan","Beedrill","Insecte","Poison","https://raw.githubusercontent.com/PokeAPI/sprites/master/sprites/pokemon/other/official-artwork/15.png"
"16","Roucool","Pidgey","Normal","Vol","https://raw.githubusercontent.com/PokeAPI/sprites/master/sprites/pokemon/other/official-artwork/16.png"
"17","Roucoups","Pidgeotto","Normal","Vol","https://raw.githubusercontent.com/PokeAPI/sprites/master/sprites/pokemon/other/official-artwork/17.png"
"18","Roucarnage","Pidgeot","Normal","Vol","https://raw.githubusercontent.com/PokeAPI/sprites/master/sprites/pokemon/other/official-artwork/18.png"
"19","Rattata","Rattata","Normal","","https://raw.githubusercontent.com/PokeAPI/sprites/master/sprites/pokemon/other/official-artwork/19.png"
"20","Rattatac","Raticate","Normal","","https://raw.githubusercontent.com/PokeAPI/sprites/master/sprites/pokemon/other/official-artwork/20.png"
"21","Piafabec","Spearow","Normal","Vol","https://raw.githubusercontent.com/PokeAPI/sprites/master/sprites/pokemon/other/official-artwork/21.png"
"22","Rapasdepic","Fearow","Normal","Vol","https://raw.githubusercontent.com/PokeAPI/sprites/master/sprites/pokemon/other/official-artwork/22.png"
"23","Abo","Ekans","Poison","","https://raw.githubusercontent.com/PokeAPI/sprites/master/sprites/pokemon/other/official-artwork/23.png"
"24","Arbok","Arbok","Poison","","https://raw.githubusercontent.com/PokeAPI/sprites/master/sprites/pokemon/other/official-artwork/24.png"
"25","Pikachu","Pikachu","Électrik","","https://raw.githubusercontent.com/PokeAPI/sprites/master/sprites/pokemon/other/official-artwork/25.png"
"26","Raichu","Raichu","Électrik","","https://raw.githubusercontent.com/PokeAPI/sprites/master/sprites/pokemon/other/official-artwork/26.png"
"27","Sabelette","Sandshrew","Sol","","https://raw.githubusercontent.com/PokeAPI/sprites/master/sprites/pokemon/other/official-artwork/27.png"
"28","Sablaireau","Sandslash","Sol","","https://raw.githubusercontent.com/PokeAPI/sprites/master/sprites/pokemon/other/official-artwork/28.png"
"29","Nidoran♀","Nidoran♀","Poison","","https://raw.githubusercontent.com/PokeAPI/sprites/master/sprites/pokemon/other/official-artwork/29.png"
"30","Nidorina","Nidorina","Poison","","https://raw.githubusercontent.com/PokeAPI/sprites/master/sprites/pokemon/other/official-artwork/30.png"
"31","Nidoqueen","Nidoqueen","Poison","Sol","https://raw.githubusercontent.com/PokeAPI/sprites/master/sprites/pokemon/other/official-artwork/31.png"
"32","Nidoran♂","Nidoran♂","Poison","","https://raw.githubusercontent.com/PokeAPI/sprites/master/sprites/pokemon/other/official-artwork/32.png"
"33","Nidorino","Nidorino","Poison","","https://raw.githubusercontent.com/PokeAPI/sprites/master/sprites/pokemon/other/official-artwork/33.png"
"34","Nidoking","Nidoking","Poison","Sol","https://raw.githubusercontent.com/PokeAPI/sprites/master/sprites/pokemon/other/official-artwork/34.png"
"35","Mélofée","Clefairy","Fée","","https://raw.githubusercontent.com/PokeAPI/sprites/master/sprites/pokemon/other/official-artwork/35.png"
"36","Mélodelfe","Clefable","Fée","","https://raw.githubusercontent.com/PokeAPI/sprites/master/sprites/pokemon/other/official-artwork/36.png"
"37","Goupix","Vulpix","Feu","","https://raw.githubusercontent.com/PokeAPI/sprites/master/sprites/pokemon/other/official-artwork/37.png"
"38","Feunard","Ninetales","Feu","","https://raw.githubusercontent.com/PokeAPI/sprites/master/sprites/pokemon/other/official-artwork/38.png"
"39","Rondoudou","Jigglypuff","Normal","Fée","https://raw.githubusercontent.com/PokeAPI/sprites/master/sprites/pokemon/other/official-artwork/39.png"
"40","Grodoudou","Wigglytuff","Normal","Fée","https://raw.githubusercontent.com/PokeAPI/sprites/master/sprites/pokemon/other/official-artwork/40.png"
"41","Nosferapti","Zubat","Poison","Vol","https://raw.githubusercontent.com/PokeAPI/sprites/master/sprites/pokemon/other/official-artwork/41.png"
"42","Nosferalto","Golbat","Poison","Vol","https://raw.githubusercontent.com/PokeAPI/sprites/master/sprites/pokemon/other/official-artwork/42.png"
"43","Mystherbe","Oddish","Plante","Poison","https://raw.githubusercontent.com/PokeAPI/sprites/master/sprites/pokemon/other/official-artwork/43.png"
"44","Ortide","Gloom","Plante","Poison","https://raw.githubusercontent.com/PokeAPI/sprites/master/sprites/pokemon/other/official-artwork/44.png"
"45","Rafflesia","Vileplume","Plante","Poison","https://raw.githubusercontent.com/PokeAPI/sprites/master/sprites/pokemon/other/official-artwork/45.png"
"46","Paras","Paras","Insecte","Plante","https://raw.githubusercontent.com/PokeAPI/sprites/master/sprites/pokemon/other/official-artwork/46.png"
"47","Parasect","Parasect","Insecte","Plante","https://raw.githubusercontent.com/PokeAPI/sprites/master/sprites/pokemon/other/official-artwork/47.png"
"48","Mimitoss","Venonat","Insecte","Poison","https://raw.githubusercontent.com/PokeAPI/sprites/master/sprites/pokemon/other/official-artwork/48.png"
"49","Aéromite","Venomoth","Insecte","Poison","https://raw.githubusercontent.com/PokeAPI/sprites/master/sprites/pokemon/other/official-artwork/49.png"
"50","Taupiqueur","Diglett","Sol","","https://raw.githubusercontent.com/PokeAPI/sprites/master/sprites/pokemon/other/official-artwork/50.png"
"51","Triopikeur","Dugtrio","Sol","","https://raw.githubusercontent.com/PokeAPI/sprites/master/sprites/pokemon/other/official-artwork/51.png"
"52","Miaouss","Meowth","Normal","","https://raw.githubusercontent.com/PokeAPI/sprites/master/sprites/pokemon/other/official-artwork/52.png"
"53","Persian","Persian","Normal","","https://raw.githubusercontent.com/PokeAPI/sprites/master/sprites/pokemon/other/official-artwork/53.png"
"54","Psykokwak","Psyduck","Eau","","https://raw.githubusercontent.com/PokeAPI/sprites/master/sprites/pokemon/other/official-artwork/54.png"
"55","Akwakwak","Golduck","Eau","","https://raw.githubusercontent.com/PokeAPI/sprites/master/sprites/pokemon/other/official-artwork/55.png"
"56","Férosinge","Mankey","Combat","","https://raw.githubusercontent.com/PokeAPI/sprites/master/sprites/pokemon/other/official-artwork/56.png"
"57","Colossinge","Primeape","Combat","","https://raw.githubusercontent.com/PokeAPI/sprites/master/sprites/pokemon/other/official-artwork/57.png"
"58","Caninos","Growlithe","Feu","","https://raw.githubusercontent.com/PokeAPI/sprites/master/sprites/pokemon/other/official-artwork/58.png"
"59","Arcanin","Arcanine","Feu","","https://raw.githubusercontent.com/PokeAPI/sprites/master/sprites/pokemon/other/official-artwork/59.png"
"60","Ptitard","Poliwag","Eau","","https://raw.githubusercontent.com/PokeAPI/sprites/master/sprites/pokemon/other/official-artwork/60.png"
"61","Têtarte","Poliwhirl","Eau","","https://raw.githubusercontent.com/PokeAPI/sprites/master/sprites/pokemon/other/official-artwork/61.png"
"62","Tartard","Poliwrath","Eau","Combat","https://raw.githubusercontent.com/PokeAPI/sprites/master/sprites/pokemon/other/official-artwork/62.png"
"63","Abra","Abra","Psy","","https://raw.githubusercontent.com/PokeAPI/sprites/master/sprites/pokemon/other/official-artwork/63.png"
"64","Kadabra","Kadabra","Psy","","https://raw.githubusercontent.com/PokeAPI/sprites/master/sprites/pokemon/other/official-artwork/64.png"
"65","Alakazam","Alakazam","Psy","","https://raw.githubusercontent.com/PokeAPI/sprites/master/sprites/pokemon/other/official-artwork/65.png"
"66","Machoc","Machop","Combat","","https://raw.githubusercontent.com/PokeAPI/sprites/master/sprites/pokemon/other/official-artwork/66.png"
"67","Machopeur","Machoke","Combat","","https://raw.githubusercontent.com/PokeAPI/sprites/master/sprites/pokemon/other/official-artwork/67.png"
"68","Mackogneur","Machamp","Combat","","https://raw.githubusercontent.com/PokeAPI/sprites/master/sprites/pokemon/other/official-artwork/68.png"
"69","Chétiflor","Bellsprout","Plante","Poison","https://raw.githubusercontent.com/PokeAPI/sprites/master/sprites/pokemon/other/official-artwork/69.png"
"70","Boustiflor","Weepinbell","Plante","Poison","https://raw.githubusercontent.com/PokeAPI/sprites/master/sprites/pokemon/other/official-artwork/70.png"
"71","Empiflor","Victreebel","Plante","Poison","https://raw.githubusercontent.com/PokeAPI/sprites/master/sprites/pokemon/other/official-artwork/71.png"
"72","Tentacool","Tentacool","Eau","Poison","https://raw.githubusercontent.com/PokeAPI/sprites/master/sprites/pokemon/other/official-artwork/72.png"
"73","Tentacruel","Tentacruel","Eau","Poison","https://raw.githubusercontent.com/PokeAPI/sprites/master/sprites/pokemon/other/official-artwork/73.png"
"74","Racaillou","Geodude","Roche","Sol","https://raw.githubusercontent.com/PokeAPI/sprites/master/sprites/pokemon/other/official-artwork/74.png"
"75","Gravalanch","Graveler","Roche","Sol","https://raw.githubusercontent.com/PokeAPI/sprites/master/sprites/pokemon/other/official-artwork/75.png"
"76","Grolem","Golem","Roche","Sol","https://raw.githubusercontent.com/PokeAPI/sprites/master/sprites/pokemon/other/official-artwork/76.png"
"77","Ponyta","Ponyta","Feu","","https://raw.githubusercontent.com/PokeAPI/sprites/master/sprites/pokemon/other/official-artwork/77.png"
"78","Galopa","Rapidash","Feu","","https://raw.githubusercontent.com/PokeAPI/sprites/master/sprites/pokemon/other/official-artwork/78.png"
"79","Ramoloss","Slowpoke","Eau","Psy","https://raw.githubusercontent.com/PokeAPI/sprites/master/sprites/pokemon/other/official-artwork/79.png"
"80","Flagadoss","Slowbro","Eau","Psy","https://raw.githubusercontent.com/PokeAPI/sprites/master/sprites/pokemon/other/official-artwork/80.png"
"81","Magnéti","Magnemite","Électrik","Acier","https://raw.githubusercontent.com/PokeAPI/sprites/master/sprites/pokemon/other/official-artwork/81.png"
"82","Magnéton","Magneton","Électrik","Acier","https://raw.githubusercontent.com/PokeAPI/sprites/master/sprites/pokemon/other/official-artwork/82.png"
"83","Canarticho","Farfetch’d","Normal","Vol","https://raw.githubusercontent.com/PokeAPI/sprites/master/sprites/pokemon/other/official-artwork/83.png"
"84","Doduo","Doduo","Normal","Vol","https://raw.githubusercontent.com/PokeAPI/sprites/master/sprites/pokemon/other/official-artwork/84.png"
"85","Dodrio","Dodrio","Normal","Vol","https://raw.githubusercontent.com/PokeAPI/sprites/master/sprites/pokemon/other/official-artwork/85.png"
"86","Otaria","Seel","Eau","","https://raw.githubusercontent.com/PokeAPI/sprites/master/sprites/pokemon/other/official-artwork/86.png"
"87","Lamantine","Dewgong","Eau","Glace","https://raw.githubusercontent.com/PokeAPI/sprites/master/sprites/pokemon/other/official-artwork/87.png"
"88","Tadmorv","Grimer","Poison","","https://raw.githubusercontent.com/PokeAPI/sprites/master/sprites/pokemon/other/official-artwork/88.png"
"89","Grotadmorv","Muk","Poison","","https://raw.githubusercontent.com/PokeAPI/sprites/master/sprites/pokemon/other/official-artwork/89.png"
"90","Kokiyas","Shellder","Eau","","https://raw.githubusercontent.com/PokeAPI/sprites/master/sprites/pokemon/other/official-artwork/90.png"
"91","Crustabri","Cloyster","Eau","Glace","https://raw.githubusercontent.com/PokeAPI/sprites/master/sprites/pokemon/other/official-artwork/91.png"
"92","Fantominus","Gastly","Spectre","Poison","https://raw.githubusercontent.com/PokeAPI/sprites/master/sprites/pokemon/other/official-artwork/92.png"
"93","Spectrum","Haunter","Spectre","Poison","https://raw.githubusercontent.com/PokeAPI/sprites/master/sprites/pokemon/other/official-artwork/93.png"
"94","Ectoplasma","Gengar","Spectre","Poison","https://raw.githubusercontent.com/PokeAPI/sprites/master/sprites/pokemon/other/official-artwork/94.png"
"95","Onix","Onix","Roche","Sol","https://raw.githubusercontent.com/PokeAPI/sprites/master/sprites/pokemon/other/official-artwork/95.png"
"96","Soporifik","Drowzee","Psy","","https://raw.githubusercontent.com/PokeAPI/sprites/master/sprites/pokemon/other/official-artwork/96.png"
"97","Hypnomade","Hypno","Psy","","https://raw.githubusercontent.com/PokeAPI/sprites/master/sprites/pokemon/other/official-artwork/97.png"
"98","Krabby","Krabby","Eau","","https://raw.githubusercontent.com/PokeAPI/sprites/master/sprites/pokemon/other/official-artwork/98.png"
"99","Krabboss","Kingler","Eau","","https://raw.githubusercontent.com/PokeAPI/sprites/master/sprites/pokemon/other/official-artwork/99.png"
"100","Voltorbe","Voltorb","Électrik","","https://raw.githubusercontent.com/PokeAPI/sprites/master/sprites/pokemon/other/official-artwork/100.png"
"101","Électrode","Electrode","Électrik","","https://raw.githubusercontent.com/PokeAPI/sprites/master/sprites/pokemon/other/official-artwork/101.png"
"102","Noeunoeuf","Exeggcute","Plante","Psy","https://raw.githubusercontent.com/PokeAPI/sprites/master/sprites/pokemon/other/official-artwork/102.png"
"103","Noadkoko","Exeggutor","Plante","Psy","https://raw.githubusercontent.com/PokeAPI/sprites/master/sprites/pokemon/other/official-artwork/103.png"
"104","Osselait","Cubone","Sol","","https://raw.githubusercontent.com/PokeAPI/sprites/master/sprites/pokemon/other/official-artwork/104.png"
"105","Ossatueur","Marowak","Sol","","https://raw.githubusercontent.com/PokeAPI/sprites/master/sprites/pokemon/other/official-artwork/105.png"
"106","Kicklee","Hitmonlee","Combat","","https://raw.githubusercontent.com/PokeAPI/sprites/master/sprites/pokemon/other/official-artwork/106.png"
"107","Tygnon","Hitmonchan","Combat","","https://raw.githubusercontent.com/PokeAPI/sprites/master/sprites/pokemon/other/official-artwork/107.png"
"108","Excelangue","Lickitung","Normal","","https://raw.githubusercontent.com/PokeAPI/sprites/master/sprites/pokemon/other/official-artwork/108.png"
"109","Smogo","Koffing","Poison","","https://raw.githubusercontent.com/PokeAPI/sprites/master/sprites/pokemon/other/official-artwork/109.png"
"110","Smogogo","Weezing","Poison","","https://raw.githubusercontent.com/PokeAPI/sprites/master/sprites/pokemon/other/official-artwork/110.png"
"111","Rhinocorne","Rhyhorn","Sol","Roche","https://raw.githubusercontent.com/PokeAPI/sprites/master/sprites/pokemon/other/official-artwork/111.png"
"112","Rhinoféros","Rhydon","Sol","Roche","https://raw.githubusercontent.com/PokeAPI/sprites/master/sprites/pokemon/other/official-artwork/112.png"
"113","Leveinard","Chansey","Normal","","https://raw.githubusercontent.com/PokeAPI/sprites/master/sprites/pokemon/other/official-artwork/113.png"
"114","Saquedeneu","Tangela","Plante","","https://raw.githubusercontent.com/PokeAPI/sprites/master/sprites/pokemon/other/official-artwork/114.png"
"115","Kangourex","Kangaskhan","Normal","","https://raw.githubusercontent.com/PokeAPI/sprites/master/sprites/pokemon/other/official-artwork/115.png"
"116","Hypotrempe","Horsea","Eau","","https://raw.githubusercontent.com/PokeAPI/sprites/master/sprites/pokemon/other/official-artwork/116.png"
"117","Hypocéan","Seadra","Eau","","https://raw.githubusercontent.com/PokeAPI/sprites/master/sprites/pokemon/other/official-artwork/117.png"
"118","Poissirène","Goldeen","Eau","","https://raw.githubusercontent.com/PokeAPI/sprites/master/sprites/pokemon/other/official-artwork/118.png"
"119","Poissoroy","Seaking","Eau","","https://raw.githubusercontent.com/PokeAPI/sprites/master/sprites/pokemon/other/official-artwork/119.png"
"120","Stari","Staryu","Eau","","https://raw.githubusercontent.com/PokeAPI/sprites/master/sprites/pokemon/other/official-artwork/120.png"
"121","Staross","Starmie","Eau","Psy","https://raw.githubusercontent.com/PokeAPI/sprites/master/sprites/pokemon/other/official-artwork/121.png"
"122","M. Mime","Mr. Mime","Psy","Fée","https://raw.githubusercontent.com/PokeAPI/sprites/master/sprites/pokemon/other/official-artwork/122.png"
"123","Insécateur","Scyther","Insecte","Vol","https://raw.githubusercontent.com/PokeAPI/sprites/master/sprites/pokemon/other/official-artwork/123.png"
"124","Lippoutou","Jynx","Glace","Psy","https://raw.githubusercontent.com/PokeAPI/sprites/master/sprites/pokemon/other/official-artwork/124.png"
"125","Élektek","Electabuzz","Électrik","","https://raw.githubusercontent.com/PokeAPI/sprites/master/sprites/pokemon/other/official-artwork/125.png"
"126","Magmar","Magmar","Feu","","https://raw.githubusercontent.com/PokeAPI/sprites/master/sprites/pokemon/other/official-artwork/126.png"
"127","Scarabrute","Pinsir","Insecte","","https://raw.githubusercontent.com/PokeAPI/sprites/master/sprites/pokemon/other/official-artwork/127.png"
"128","Tauros","Tauros","Normal","","https://raw.githubusercontent.com/PokeAPI/sprites/master/sprites/pokemon/other/official-artwork/128.png"
"129","Magicarpe","Magikarp","Eau","","https://raw.githubusercontent.com/PokeAPI/sprites/master/sprites/pokemon/other/official-artwork/129.png"
"130","Léviator","Gyarados","Eau","Vol","https://raw.githubusercontent.com/PokeAPI/sprites/master/sprites/pokemon/other/official-artwork/130.png"
"131","Lokhlass","Lapras","Eau","Glace","https://raw.githubusercontent.com/PokeAPI/sprites/master/sprites/pokemon/other/official-artwork/131.png"
"132","Métamorph","Ditto","Normal","","https://raw.githubusercontent.com/PokeAPI/sprites/master/sprites/pokemon/other/official-artwork/132.png"
"133","Évoli","Eevee","Normal","","https://raw.githubusercontent.com/PokeAPI/sprites/master/sprites/pokemon/other/official-artwork/133.png"
"134","Aquali","Vaporeon","Eau","","https://raw.githubusercontent.com/PokeAPI/sprites/master/sprites/pokemon/other/official-artwork/134.png"
"135","Voltali","Jolteon","Électrik","","https://raw.githubusercontent.com/PokeAPI/sprites/master/sprites/pokemon/other/official-artwork/135.png"
"136","Pyroli","Flareon","Feu","","https://raw.githubusercontent.com/PokeAPI/sprites/master/sprites/pokemon/other/official-artwork/136.png"
"137","Porygon","Porygon","Normal","","https://raw.githubusercontent.com/PokeAPI/sprites/master/sprites/pokemon/other/official-artwork/137.png"
"138","Amonita","Omanyte","Roche","Eau","https://raw.githubusercontent.com/PokeAPI/sprites/master/sprites/pokemon/other/official-artwork/138.png"
"139","Amonistar","Omastar","Roche","Eau","https://raw.githubusercontent.com/PokeAPI/sprites/master/sprites/pokemon/other/official-artwork/139.png"
"140","Kabuto","Kabuto","Roche","Eau","https://raw.githubusercontent.com/PokeAPI/sprites/master/sprites/pokemon/other/official-artwork/140.png"
"141","Kabutops","Kabutops","Roche","Eau","https://raw.githubusercontent.com/PokeAPI/sprites/master/sprites/pokemon/other/official-artwork/141.png"
"142","Ptéra","Aerodactyl","Roche","Vol","https://raw.githubusercontent.com/PokeAPI/sprites/master/sprites/pokemon/other/official-artwork/142.png"
"143","Ronflex","Snorlax","Normal","","https://raw.githubusercontent.com/PokeAPI/sprites/master/sprites/pokemon/other/official-artwork/143.png"
"144","Artikodin","Articuno","Glace","Vol","https://raw.githubusercontent.com/PokeAPI/sprites/master/sprites/pokemon/other/official-artwork/144.png"
"145","Électhor","Zapdos","Électrik","Vol","https://raw.githubusercontent.com/PokeAPI/sprites/master/sprites/pokemon/other/official-artwork/145.png"
"146","Sulfura","Moltres","Feu","Vol","https://raw.githubusercontent.com/PokeAPI/sprites/master/sprites/pokemon/other/official-artwork/146.png"
"147","Minidraco","Dratini","Dragon","","https://raw.githubusercontent.com/PokeAPI/sprites/master/sprites/pokemon/other/official-artwork/147.png"
"148","Draco","Dragonair","Dragon","","https://raw.githubusercontent.com/PokeAPI/sprites/master/sprites/pokemon/other/official-artwork/148.png"
"149","Dracolosse","Dragonite","Dragon","Vol","https://raw.githubusercontent.com/PokeAPI/sprites/master/sprites/pokemon/other/official-artwork/149.png"
"150","Mewtwo","Mewtwo","Psy","","https://raw.githubusercontent.com/PokeAPI/sprites/master/sprites/pokemon/other/official-artwork/150.png"
"151","Mew","Mew","Psy","","https://raw.githubusercontent.com/PokeAPI/sprites/master/sprites/pokemon/other/official-artwork/151.png"
"152","Germignon","Chikorita","Plante","","https://raw.githubusercontent.com/PokeAPI/sprites/master/sprites/pokemon/other/official-artwork/152.png"
"153","Macronium","Bayleef","Plante","","https://raw.githubusercontent.com/PokeAPI/sprites/master/sprites/pokemon/other/official-artwork/153.png"
"154","Méganium","Meganium","Plante","","https://raw.githubusercontent.com/PokeAPI/sprites/master/sprites/pokemon/other/official-artwork/154.png"
"155","Héricendre","Cyndaquil","Feu","","https://raw.githubusercontent.com/PokeAPI/sprites/master/sprites/pokemon/other/official-artwork/155.png"
"156","Feurisson","Quilava","Feu","","https://raw.githubusercontent.com/PokeAPI/sprites/master/sprites/pokemon/other/official-artwork/156.png"
"157","Typhlosion","Typhlosion","Feu","","https://raw.githubusercontent.com/PokeAPI/sprites/master/sprites/pokemon/other/official-artwork/157.png"
"158","Kaiminus","Totodile","Eau","","https://raw.githubusercontent.com/PokeAPI/sprites/master/sprites/pokemon/other/official-artwork/158.png"
"159","Crocrodil","Croconaw","Eau","","https://raw.githubusercontent.com/PokeAPI/sprites/master/sprites/pokemon/other/official-artwork/159.png"
"160","Aligatueur","Feraligatr","Eau","","https://raw.githubusercontent.com/PokeAPI/sprites/master/sprites/pokemon/other/official-artwork/160.png"
"161","Fouinette","Sentret","Normal","","https://raw.githubusercontent.com/PokeAPI/sprites/master/sprites/pokemon/other/official-artwork/161.png"
"162","Fouinar","Furret","Normal","","https://raw.githubusercontent.com/PokeAPI/sprites/master/sprites/pokemon/other/official-artwork/162.png"
"163","Hoothoot","Hoothoot","Normal","Vol","https://raw.githubusercontent.com/PokeAPI/sprites/master/sprites/pokemon/other/official-artwork/163.png"
"164","Noarfang","Noctowl","Normal","Vol","https://raw.githubusercontent.com/PokeAPI/sprites/master/sprites/pokemon/other/official-artwork/164.png"
"165","Coxy","Ledyba","Insecte","Vol","https://raw.githubusercontent.com/PokeAPI/sprites/master/sprites/pokemon/other/official-artwork/165.png"
"166","Coxyclaque","Ledian","Insecte","Vol","https://raw.githubusercontent.com/PokeAPI/sprites/master/sprites/pokemon/other/official-artwork/166.png"
"167","Mimigal","Spinarak","Insecte","Poison","https://raw.githubusercontent.com/PokeAPI/sprites/master/sprites/pokemon/other/official-artwork/167.png"
"168","Migalos","Ariados","Insecte","Poison","https://raw.githubusercontent.com/PokeAPI/sprites/master/sprites/pokemon/other/official-artwork/168.png"
"169","Nostenfer","Crobat","Poison","Vol","https://raw.githubusercontent.com/PokeAPI/sprites/master/sprites/pokemon/other/official-artwork/169.png"
"170","Loupio","Chinchou","Eau","Électrik","https://raw.githubusercontent.com/PokeAPI/sprites/master/sprites/pokemon/other/official-artwork/170.png"
"171","Lanturn","Lanturn","Eau","Électrik","https://raw.githubusercontent.com/PokeAPI/sprites/master/sprites/pokemon/other/official-artwork/171.png"
"172","Pichu","Pichu","Électrik","","https://raw.githubusercontent.com/PokeAPI/sprites/master/sprites/pokemon/other/official-artwork/172.png"
"173","Mélo","Cleffa","Fée","","https://raw.githubusercontent.com/PokeAPI/sprites/master/sprites/pokemon/other/official-artwork/173.png"
"174","Toudoudou","Igglybuff","Normal","Fée","https://raw.githubusercontent.com/PokeAPI/sprites/master/sprites/pokemon/other/official-artwork/174.png"
"175","Togepi","Togepi","Fée","","https://raw.githubusercontent.com/PokeAPI/sprites/master/sprites/pokemon/other/official-artwork/175.png"
"176","Togetic","Togetic","Fée","Vol","https://raw.githubusercontent.com/PokeAPI/sprites/master/sprites/pokemon/other/official-artwork/176.png"
"177","Natu","Natu","Psy","Vol","https://raw.githubusercontent.com/PokeAPI/sprites/master/sprites/pokemon/other/official-artwork/177.png"
"178","Xatu","Xatu","Psy","Vol","https://raw.githubusercontent.com/PokeAPI/sprites/master/sprites/pokemon/other/official-artwork/178.png"
"179","Wattouat","Mareep","Électrik","","https://raw.githubusercontent.com/PokeAPI/sprites/master/sprites/pokemon/other/official-artwork/179.png"
"180","Lainergie","Flaaffy","Électrik","","https://raw.githubusercontent.com/PokeAPI/sprites/master/sprites/pokemon/other/official-artwork/180.png"
"181","Pharamp","Ampharos","Électrik","","https://raw.githubusercontent.com/PokeAPI/sprites/master/sprites/pokemon/other/official-artwork/181.png"
"182","Joliflor","Bellossom","Plante","","https://raw.githubusercontent.com/PokeAPI/sprites/master/sprites/pokemon/other/official-artwork/182.png"
"183","Marill","Marill","Eau","Fée","https://raw.githubusercontent.com/PokeAPI/sprites/master/sprites/pokemon/other/official-artwork/183.png"
"184","Azumarill","Azumarill","Eau","Fée","https://raw.githubusercontent.com/PokeAPI/sprites/master/sprites/pokemon/other/official-artwork/184.png"
"185","Simularbre","Sudowoodo","Roche","","https://raw.githubusercontent.com/PokeAPI/sprites/master/sprites/pokemon/other/official-artwork/185.png"
"186","Tarpaud","Politoed","Eau","","https://raw.githubusercontent.com/PokeAPI/sprites/master/sprites/pokemon/other/official-artwork/186.png"
"187","Granivol","Hoppip","Plante","Vol","https://raw.githubusercontent.com/PokeAPI/sprites/master/sprites/pokemon/other/official-artwork/187.png"
"188","Floravol","Skiploom","Plante","Vol","https://raw.githubusercontent.com/PokeAPI/sprites/master/sprites/pokemon/other/official-artwork/188.png"
"189","Cotovol","Jumpluff","Plante","Vol","https://raw.githubusercontent.com/PokeAPI/sprites/master/sprites/pokemon/other/official-artwork/189.png"
"190","Capumain","Aipom","Normal","","https://raw.githubusercontent.com/PokeAPI/sprites/master/sprites/pokemon/other/official-artwork/190.png"
"191","Tournegrin","Sunkern","Plante","","https://raw.githubusercontent.com/PokeAPI/sprites/master/sprites/pokemon/other/official-artwork/191.png"
"192","Héliatronc","Sunflora","Plante","","https://raw.githubusercontent.com/PokeAPI/sprites/master/sprites/pokemon/other/official-artwork/192.png"
"193","Yanma","Yanma","Insecte","Vol","https://raw.githubusercontent.com/PokeAPI/sprites/master/sprites/pokemon/other/official-artwork/193.png"
"194","Axoloto","Wooper","Eau","Sol","https://raw.githubusercontent.com/PokeAPI/sprites/master/sprites/pokemon/other/official-artwork/194.png"
"195","Maraiste","Quagsire","Eau","Sol","https://raw.githubusercontent.com/PokeAPI/sprites/master/sprites/pokemon/other/official-artwork/195.png"
"196","Mentali","Espeon","Psy","","https://raw.githubusercontent.com/PokeAPI/sprites/master/sprites/pokemon/other/official-artwork/196.png"
"197","Noctali","Umbreon","Ténèbres","","https://raw.githubusercontent.com/PokeAPI/sprites/master/sprites/pokemon/other/official-artwork/197.png"
"198","Cornèbre","Murkrow","Ténèbres","Vol","https://raw.githubusercontent.com/PokeAPI/sprites/master/sprites/pokemon/other/official-artwork/198.png"
"199","Roigada","Slowking","Eau","Psy","https://raw.githubusercontent.com/PokeAPI/sprites/master/sprites/pokemon/other/official-artwork/199.png"
"200","Feuforêve","Misdreavus","Spectre","","https://raw.githubusercontent.com/PokeAPI/sprites/master/sprites/pokemon/other/official-artwork/200.png"
"201","Zarbi","Unown","Psy","","https://raw.githubusercontent.com/PokeAPI/sprites/master/sprites/pokemon/other/official-artwork/201.png"
"202","Qulbutoké","Wobbuffet","Psy","","https://raw.githubusercontent.com/PokeAPI/sprites/master/sprites/pokemon/other/official-artwork/202.png"
"203","Girafarig","Girafarig","Normal","Psy","https://raw.githubusercontent.com/PokeAPI/sprites/master/sprites/pokemon/other/official-artwork/203.png"
"204","Pomdepik","Pineco","Insecte","","https://raw.githubusercontent.com/PokeAPI/sprites/master/sprites/pokemon/other/official-artwork/204.png"
"205","Foretress","Forretress","Insecte","Acier","https://raw.githubusercontent.com/PokeAPI/sprites/master/sprites/pokemon/other/official-artwork/205.png"
"206","Insolourdo","Dunsparce","Normal","","https://raw.githubusercontent.com/PokeAPI/sprites/master/sprites/pokemon/other/official-artwork/206.png"
"207","Scorplane","Gligar","Sol","Vol","https://raw.githubusercontent.com/PokeAPI/sprites/master/sprites/pokemon/other/official-artwork/207.png"
"208","Steelix","Steelix","Acier","Sol","https://raw.githubusercontent.com/PokeAPI/sprites/master/sprites/pokemon/other/official-artwork/208.png"
"209","Snubbull","Snubbull","Fée","","https://raw.githubusercontent.com/PokeAPI/sprites/master/sprites/pokemon/other/official-artwork/209.png"
"210","Granbull","Granbull","Fée","","https://raw.githubusercontent.com/PokeAPI/sprites/master/sprites/pokemon/other/official-artwork/210.png"
"211","Qwilfish","Qwilfish","Eau","Poison","https://raw.githubusercontent.com/PokeAPI/sprites/master/sprites/pokemon/other/official-artwork/211.png"
"212","Cizayox","Scizor","Insecte","Acier","https://raw.githubusercontent.com/PokeAPI/sprites/master/sprites/pokemon/other/official-artwork/212.png"
"213","Caratroc","Shuckle","Insecte","Roche","https://raw.githubusercontent.com/PokeAPI/sprites/master/sprites/pokemon/other/official-artwork/213.png"
"214","Scarhino","Heracross","Insecte","Combat","https://raw.githubusercontent.com/PokeAPI/sprites/master/sprites/pokemon/other/official-artwork/214.png"
"215","Farfuret","Sneasel","Ténèbres","Glace","https://raw.githubusercontent.com/PokeAPI/sprites/master/sprites/pokemon/other/official-artwork/215.png"
"216","Teddiursa","Teddiursa","Normal","","https://raw.githubusercontent.com/PokeAPI/sprites/master/sprites/pokemon/other/official-artwork/216.png"
"217","Ursaring","Ursaring","Normal","","https://raw.githubusercontent.com/PokeAPI/sprites/master/sprites/pokemon/other/official-artwork/217.png"
"218","Limagma","Slugma","Feu","","https://raw.githubusercontent.com/PokeAPI/sprites/master/sprites/pokemon/other/official-artwork/218.png"
"219","Volcaropod","Magcargo","Feu","Roche","https://raw.githubusercontent.com/PokeAPI/sprites/master/sprites/pokemon/other/official-artwork/219.png"
"220","Marcacrin","Swinub","Glace","Sol","https://raw.githubusercontent.com/PokeAPI/sprites/master/sprites/pokemon/other/official-artwork/220.png"
"221","Cochignon","Piloswine","Glace","Sol","https://raw.githubusercontent.com/PokeAPI/sprites/master/sprites/pokemon/other/official-artwork/221.png"
"222","Corayon","Corsola","Eau","Roche","https://raw.githubusercontent.com/PokeAPI/sprites/master/sprites/pokemon/other/official-artwork/222.png"
"223","Rémoraid","Remoraid","Eau","","https://raw.githubusercontent.com/PokeAPI/sprites/master/sprites/pokemon/other/official-artwork/223.png"
"224","Octillery","Octillery","Eau","","https://raw.githubusercontent.com/PokeAPI/sprites/master/sprites/pokemon/other/official-artwork/224.png"
"225","Cadoizo","Delibird","Glace","Vol","https://raw.githubusercontent.com/PokeAPI/sprites/master/sprites/pokemon/other/official-artwork/225.png"
"226","Démanta","Mantine","Eau","Vol","https://raw.githubusercontent.com/PokeAPI/sprites/master/sprites/pokemon/other/official-artwork/226.png"
"227","Airmure","Skarmory","Acier","Vol","https://raw.githubusercontent.com/PokeAPI/sprites/master/sprites/pokemon/other/official-artwork/227.png"
"228","Malosse","Houndour","Ténèbres","Feu","https://raw.githubusercontent.com/PokeAPI/sprites/master/sprites/pokemon/other/official-artwork/228.png"
"229","Démolosse","Houndoom","Ténèbres","Feu","https://raw.githubusercontent.com/PokeAPI/sprites/master/sprites/pokemon/other/official-artwork/229.png"
"230","Hyporoi","Kingdra","Eau","Dragon","https://raw.githubusercontent.com/PokeAPI/sprites/master/sprites/pokemon/other/official-artwork/230.png"
"231","Phanpy","Phanpy","Sol","","https://raw.githubusercontent.com/PokeAPI/sprites/master/sprites/pokemon/other/official-artwork/231.png"
"232","Donphan","Donphan","Sol","","https://raw.githubusercontent.com/PokeAPI/sprites/master/sprites/pokemon/other/official-artwork/232.png"
"233","Porygon2","Porygon2","Normal","","https://raw.githubusercontent.com/PokeAPI/sprites/master/sprites/pokemon/other/official-artwork/233.png"
"234","Cerfrousse","Stantler","Normal","","https://raw.githubusercontent.com/PokeAPI/sprites/master/sprites/pokemon/other/official-artwork/234.png"
"235","Queulorior","Smeargle","Normal","","https://raw.githubusercontent.com/PokeAPI/sprites/master/sprites/pokemon/other/official-artwork/235.png"
"236","Debugant","Tyrogue","Combat","","https://raw.githubusercontent.com/PokeAPI/sprites/master/sprites/pokemon/other/official-artwork/236.png"
"237","Kapoera","Hitmontop","Combat","","https://raw.githubusercontent.com/PokeAPI/sprites/master/sprites/pokemon/other/official-artwork/237.png"
"238","Lippouti","Smoochum","Glace","Psy","https://raw.githubusercontent.com/PokeAPI/sprites/master/sprites/pokemon/other/official-artwork/238.png"
"239","Élekid","Elekid","Électrik","","https://raw.githubusercontent.com/PokeAPI/sprites/master/sprites/pokemon/other/official-artwork/239.png"
"240","Magby","Magby","Feu","","https://raw.githubusercontent.com/PokeAPI/sprites/master/sprites/pokemon/other/official-artwork/240.png"
"241","Écrémeuh","Miltank","Normal","","https://raw.githubusercontent.com/PokeAPI/sprites/master/sprites/pokemon/other/official-artwork/241.png"
"242","Leuphorie","Blissey","Normal","","https://raw.githubusercontent.com/PokeAPI/sprites/master/sprites/pokemon/other/official-artwork/242.png"
"243","Raikou","Raikou","Électrik","","https://raw.githubusercontent.com/PokeAPI/sprites/master/sprites/pokemon/other/official-artwork/243.png"
"244","Entei","Entei","Feu","","https://raw.githubusercontent.com/PokeAPI/sprites/master/sprites/pokemon/other/official-artwork/244.png"
"245","Suicune","Suicune","Eau","","https://raw.githubusercontent.com/PokeAPI/sprites/master/sprites/pokemon/other/official-artwork/245.png"
"246","Embrylex","Larvitar","Roche","Sol","https://raw.githubusercontent.com/PokeAPI/sprites/master/sprites/pokemon/other/official-artwork/246.png"
"247","Ymphect","Pupitar","Roche","Sol","https://raw.githubusercontent.com/PokeAPI/sprites/master/sprites/pokemon/other/official-artwork/247.png"
"248","Tyranocif","Tyranitar","Roche","Ténèbres","https://raw.githubusercontent.com/PokeAPI/sprites/master/sprites/pokemon/other/official-artwork/248.png"
"249","Lugia","Lugia","Psy","Vol","https://raw.githubusercontent.com/PokeAPI/sprites/master/sprites/pokemon/other/official-artwork/249.png"
"250","Ho-Oh","Ho-Oh","Feu","Vol","https://raw.githubusercontent.com/PokeAPI/sprites/master/sprites/pokemon/other/official-artwork/250.png"
"251","Celebi","Celebi","Psy","Plante","https://raw.githubusercontent.com/PokeAPI/sprites/master/sprites/pokemon/other/official-artwork/251.png"
"252","Arcko","Treecko","Plante","","https://raw.githubusercontent.com/PokeAPI/sprites/master/sprites/pokemon/other/official-artwork/252.png"
"253","Massko","Grovyle","Plante","","https://raw.githubusercontent.com/PokeAPI/sprites/master/sprites/pokemon/other/official-artwork/253.png"
"254","Jungko","Sceptile","Plante","","https://raw.githubusercontent.com/PokeAPI/sprites/master/sprites/pokemon/other/official-artwork/254.png"
"255","Poussifeu","Torchic","Feu","","https://raw.githubusercontent.com/PokeAPI/sprites/master/sprites/pokemon/other/official-artwork/255.png"
"256","Galifeu","Combusken","Feu","Combat","https://raw.githubusercontent.com/PokeAPI/sprites/master/sprites/pokemon/other/official-artwork/256.png"
"257","Braségali","Blaziken","Feu","Combat","https://raw.githubusercontent.com/PokeAPI/sprites/master/sprites/pokemon/other/official-artwork/257.png"
"258","Gobou","Mudkip","Eau","","https://raw.githubusercontent.com/PokeAPI/sprites/master/sprites/pokemon/other/official-artwork/258.png"
"259","Flobio","Marshtomp","Eau","Sol","https://raw.githubusercontent.com/PokeAPI/sprites/master/sprites/pokemon/other/official-artwork/259.png"
"260","Laggron","Swampert","Eau","Sol","https://raw.githubusercontent.com/PokeAPI/sprites/master/sprites/pokemon/other/official-artwork/260.png"
"261","Medhyèna","Poochyena","Ténèbres","","https://raw.githubusercontent.com/PokeAPI/sprites/master/sprites/pokemon/other/official-artwork/261.png"
"262","Grahyèna","Mightyena","Ténèbres","","https://raw.githubusercontent.com/PokeAPI/sprites/master/sprites/pokemon/other/official-artwork/262.png"
"263","Zigzaton","Zigzagoon","Normal","","https://raw.githubusercontent.com/PokeAPI/sprites/master/sprites/pokemon/other/official-artwork/263.png"
"264","Linéon","Linoone","Normal","","https://raw.githubusercontent.com/PokeAPI/sprites/master/sprites/pokemon/other/official-artwork/264.png"
"265","Chenipotte","Wurmple","Insecte","","https://raw.githubusercontent.com/PokeAPI/sprites/master/sprites/pokemon/other/official-artwork/265.png"
"266","Armulys","Silcoon","Insecte","","https://raw.githubusercontent.com/PokeAPI/sprites/master/sprites/pokemon/other/official-artwork/266.png"
"267","Charmillon","Beautifly","Insecte","Vol","https://raw.githubusercontent.com/PokeAPI/sprites/master/sprites/pokemon/other/official-artwork/267.png"
"268","Blindalys","Cascoon","Insecte","","https://raw.githubusercontent.com/PokeAPI/sprites/master/sprites/pokemon/other/official-artwork/268.png"
"269","Papinox","Dustox","Insecte","Poison","https://raw.githubusercontent.com/PokeAPI/sprites/master/sprites/pokemon/other/official-artwork/269.png"
"270","Nénupiot","Lotad","Eau","Plante","https://raw.githubusercontent.com/PokeAPI/sprites/master/sprites/pokemon/other/official-artwork/270.png"
"271","Lombre","Lombre","Eau","Plante","https://raw.githubusercontent.com/PokeAPI/sprites/master/sprites/pokemon/other/official-artwork/271.png"
"272","Ludicolo","Ludicolo","Eau","Plante","https://raw.githubusercontent.com/PokeAPI/sprites/master/sprites/pokemon/other/official-artwork/272.png"
"273","Grainipiot","Seedot","Plante","","https://raw.githubusercontent.com/PokeAPI/sprites/master/sprites/pokemon/other/official-artwork/273.png"
"274","Pifeuil","Nuzleaf","Plante","Ténèbres","https://raw.githubusercontent.com/PokeAPI/sprites/master/sprites/pokemon/other/official-artwork/274.png"
"275","Tengalice","Shiftry","Plante","Ténèbres","https://raw.githubusercontent.com/PokeAPI/sprites/master/sprites/pokemon/other/official-artwork/275.png"
"276","Nirondelle","Taillow","Normal","Vol","https://raw.githubusercontent.com/PokeAPI/sprites/master/sprites/pokemon/other/official-artwork/276.png"
"277","Hélédelle","Swellow","Normal","Vol","https://raw.githubusercontent.com/PokeAPI/sprites/master/sprites/pokemon/other/official-artwork/277.png"
"278","Goélise","Wingull","Eau","Vol","https://raw.githubusercontent.com/PokeAPI/sprites/master/sprites/pokemon/other/official-artwork/278.png"
"279","Bekipan","Pelipper","Eau","Vol","https://raw.githubusercontent.com/PokeAPI/sprites/master/sprites/pokemon/other/official-artwork/279.png"
"280","Tarsal","Ralts","Psy","Fée","https://raw.githubusercontent.com/PokeAPI/sprites/master/sprites/pokemon/other/official-artwork/280.png"
"281","Kirlia","Kirlia","Psy","Fée","https://raw.githubusercontent.com/PokeAPI/sprites/master/sprites/pokemon/other/official-artwork/281.png"
"282","Gardevoir","Gardevoir","Psy","Fée","https://raw.githubusercontent.com/PokeAPI/sprites/master/sprites/pokemon/other/official-artwork/282.png"
"283","Arakdo","Surskit","Insecte","Eau","https://raw.githubusercontent.com/PokeAPI/sprites/master/sprites/pokemon/other/official-artwork/283.png"
"284","Maskadra","Masquerain","Insecte","Vol","https://raw.githubusercontent.com/PokeAPI/sprites/master/sprites/pokemon/other/official-artwork/284.png"
"285","Balignon","Shroomish","Plante","","https://raw.githubusercontent.com/PokeAPI/sprites/master/sprites/pokemon/other/official-artwork/285.png"
"286","Chapignon","Breloom","Plante","Combat","https://raw.githubusercontent.com/PokeAPI/sprites/master/sprites/pokemon/other/official-artwork/286.png"
"287","Parecool","Slakoth","Normal","","https://raw.githubusercontent.com/PokeAPI/sprites/master/sprites/pokemon/other/official-artwork/287.png"
"288","Vigoroth","Vigoroth","Normal","","https://raw.githubusercontent.com/PokeAPI/sprites/master/sprites/pokemon/other/official-artwork/288.png"
"289","Monaflèmit","Slaking","Normal","","https://raw.githubusercontent.com/PokeAPI/sprites/master/sprites/pokemon/other/official-artwork/289.png"
"290","Ningale","Nincada","Insecte","Sol","https://raw.githubusercontent.com/PokeAPI/sprites/master/sprites/pokemon/other/official-artwork/290.png"
"291","Ninjask","Ninjask","Insecte","Vol","https://raw.githubusercontent.com/PokeAPI/sprites/master/sprites/pokemon/other/official-artwork/291.png"
"292","Munja","Shedinja","Insecte","Spectre","https://raw.githubusercontent.com/PokeAPI/sprites/master/sprites/pokemon/other/official-artwork/292.png"
"293","Chuchmur","Whismur","Normal","","https://raw.githubusercontent.com/PokeAPI/sprites/master/sprites/pokemon/other/official-artwork/293.png"
"294","Ramboum","Loudred","Normal","","https://raw.githubusercontent.com/PokeAPI/sprites/master/sprites/pokemon/other/official-artwork/294.png"
"295","Brouhabam","Exploud","Normal","","https://raw.githubusercontent.com/PokeAPI/sprites/master/sprites/pokemon/other/official-artwork/295.png"
"296","Makuhita","Makuhita","Combat","","https://raw.githubusercontent.com/PokeAPI/sprites/master/sprites/pokemon/other/official-artwork/296.png"
"297","Hariyama","Hariyama","Combat","","https://raw.githubusercontent.com/PokeAPI/sprites/master/sprites/pokemon/other/official-artwork/297.png"
"298","Azurill","Azurill","Normal","Fée","https://raw.githubusercontent.com/PokeAPI/sprites/master/sprites/pokemon/other/official-artwork/298.png"
"299","Tarinor","Nosepass","Roche","","https://raw.githubusercontent.com/PokeAPI/sprites/master/sprites/pokemon/other/official-artwork/299.png"
"300","Skitty","Skitty","Normal","","https://raw.githubusercontent.com/PokeAPI/sprites/master/sprites/pokemon/other/official-artwork/300.png"
"301","Delcatty","Delcatty","Normal","","https://raw.githubusercontent.com/PokeAPI/sprites/master/sprites/pokemon/other/official-artwork/301.png"
"302","Ténéfix","Sableye","Ténèbres","Spectre","https://raw.githubusercontent.com/PokeAPI/sprites/master/sprites/pokemon/other/official-artwork/302.png"
"303","Mysdibule","Mawile","Acier","Fée","https://raw.githubusercontent.com/PokeAPI/sprites/master/sprites/pokemon/other/official-artwork/303.png"
"304","Galekid","Aron","Acier","Roche","https://raw.githubusercontent.com/PokeAPI/sprites/master/sprites/pokemon/other/official-artwork/304.png"
"305","Galegon","Lairon","Acier","Roche","https://raw.githubusercontent.com/PokeAPI/sprites/master/sprites/pokemon/other/official-artwork/305.png"
"306","Galeking","Aggron","Acier","Roche","https://raw.githubusercontent.com/PokeAPI/sprites/master/sprites/pokemon/other/official-artwork/306.png"
"307","Méditikka","Meditite","Combat","Psy","https://raw.githubusercontent.com/PokeAPI/sprites/master/sprites/pokemon/other/official-artwork/307.png"
"308","Charmina","Medicham","Combat","Psy","https://raw.githubusercontent.com/PokeAPI/sprites/master/sprites/pokemon/other/official-artwork/308.png"
"309","Dynavolt","Electrike","Électrik","","https://raw.githubusercontent.com/PokeAPI/sprites/master/sprites/pokemon/other/official-artwork/309.png"
"310","Élecsprint","Manectric","Électrik","","https://raw.githubusercontent.com/PokeAPI/sprites/master/sprites/pokemon/other/official-artwork/310.png"
"311","Posipi","Plusle","Électrik","","https://raw.githubusercontent.com/PokeAPI/sprites/master/sprites/pokemon/other/official-artwork/311.png"
"312","Négapi","Minun","Électrik","","https://raw.githubusercontent.com/PokeAPI/sprites/master/sprites/pokemon/other/official-artwork/312.png"
"313","Muciole","Volbeat","Insecte","","https://raw.githubusercontent.com/PokeAPI/sprites/master/sprites/pokemon/other/official-artwork/313.png"
"314","Lumivole","Illumise","Insecte","","https://raw.githubusercontent.com/PokeAPI/sprites/master/sprites/pokemon/other/official-artwork/314.png"
"315","Rosélia","Roselia","Plante","Poison","https://raw.githubusercontent.com/PokeAPI/sprites/master/sprites/pokemon/other/official-artwork/315.png"
"316","Gloupti","Gulpin","Poison","","https://raw.githubusercontent.com/PokeAPI/sprites/master/sprites/pokemon/other/official-artwork/316.png"
"317","Avaltout","Swalot","Poison","","https://raw.githubusercontent.com/PokeAPI/sprites/master/sprites/pokemon/other/official-artwork/317.png"
"318","Carvanha","Carvanha","Eau","Ténèbres","https://raw.githubusercontent.com/PokeAPI/sprites/master/sprites/pokemon/other/official-artwork/318.png"
"319","Sharpedo","Sharpedo","Eau","Ténèbres","https://raw.githubusercontent.com/PokeAPI/sprites/master/sprites/pokemon/other/official-artwork/319.png"
"320","Wailmer","Wailmer","Eau","","https://raw.githubusercontent.com/PokeAPI/sprites/master/sprites/pokemon/other/official-artwork/320.png"
"321","Wailord","Wailord","Eau","","https://raw.githubusercontent.com/PokeAPI/sprites/master/sprites/pokemon/other/official-artwork/321.png"
"322","Chamallot","Numel","Feu","Sol","https://raw.githubusercontent.com/PokeAPI/sprites/master/sprites/pokemon/other/official-artwork/322.png"
"323","Camérupt","Camerupt","Feu","Sol","https://raw.githubusercontent.com/PokeAPI/sprites/master/sprites/pokemon/other/official-artwork/323.png"
"324","Chartor","Torkoal","Feu","","https://raw.githubusercontent.com/PokeAPI/sprites/master/sprites/pokemon/other/official-artwork/324.png"
"325","Spoink","Spoink","Psy","","https://raw.githubusercontent.com/PokeAPI/sprites/master/sprites/pokemon/other/official-artwork/325.png"
"326","Groret","Grumpig","Psy","","https://raw.githubusercontent.com/PokeAPI/sprites/master/sprites/pokemon/other/official-artwork/326.png"
"327","Spinda","Spinda","Normal","","https://raw.githubusercontent.com/PokeAPI/sprites/master/sprites/pokemon/other/official-artwork/327.png"
"328","Kraknoix","Trapinch","Sol","","https://raw.githubusercontent.com/PokeAPI/sprites/master/sprites/pokemon/other/official-artwork/328.png"
"329","Vibraninf","Vibrava","Sol","Dragon","https://raw.githubusercontent.com/PokeAPI/sprites/master/sprites/pokemon/other/official-artwork/329.png"
"330","Libégon","Flygon","Sol","Dragon","https://raw.githubusercontent.com/PokeAPI/sprites/master/sprites/pokemon/other/official-artwork/330.png"
"331","Cacnea","Cacnea","Plante","","https://raw.githubusercontent.com/PokeAPI/sprites/master/sprites/pokemon/other/official-artwork/331.png"
"332","Cacturne","Cacturne","Plante","Ténèbres","https://raw.githubusercontent.com/PokeAPI/sprites/master/sprites/pokemon/other/official-artwork/332.png"
"333","Tylton","Swablu","Normal","Vol","https://raw.githubusercontent.com/PokeAPI/sprites/master/sprites/pokemon/other/official-artwork/333.png"
"334","Altaria","Altaria","Dragon","Vol","https://raw.githubusercontent.com/PokeAPI/sprites/master/sprites/pokemon/other/official-artwork/334.png"
"335","Mangriff","Zangoose","Normal","","https://raw.githubusercontent.com/PokeAPI/sprites/master/sprites/pokemon/other/official-artwork/335.png"
"336","Séviper","Seviper","Poison","","https://raw.githubusercontent.com/PokeAPI/sprites/master/sprites/pokemon/other/official-artwork/336.png"
"337","Séléroc","Lunatone","Roche","Psy","https://raw.githubusercontent.com/PokeAPI/sprites/master/sprites/pokemon/other/official-artwork/337.png"
"338","Solaroc","Solrock","Roche","Psy","https://raw.githubusercontent.com/PokeAPI/sprites/master/sprites/pokemon/other/official-artwork/338.png"
"339","Barloche","Barboach","Eau","Sol","https://raw.githubusercontent.com/PokeAPI/sprites/master/sprites/pokemon/other/official-artwork/339.png"
"340","Barbicha","Whiscash","Eau","Sol","https://raw.githubusercontent.com/PokeAPI/sprites/master/sprites/pokemon/other/official-artwork/340.png"
"341","Écrapince","Corphish","Eau","","https://raw.githubusercontent.com/PokeAPI/sprites/master/sprites/pokemon/other/official-artwork/341.png"
"342","Colhomard","Crawdaunt","Eau","Ténèbres","https://raw.githubusercontent.com/PokeAPI/sprites/master/sprites/pokemon/other/official-artwork/342.png"
"343","Balbuto","Baltoy","Sol","Psy","https://raw.githubusercontent.com/PokeAPI/sprites/master/sprites/pokemon/other/official-artwork/343.png"
"344","Kaorine","Claydol","Sol","Psy","https://raw.githubusercontent.com/PokeAPI/sprites/master/sprites/pokemon/other/official-artwork/344.png"
"345","Lilia","Lileep","Roche","Plante","https://raw.githubusercontent.com/PokeAPI/sprites/master/sprites/pokemon/other/official-artwork/345.png"
"346","Vacilys","Cradily","Roche","Plante","https://raw.githubusercontent.com/PokeAPI/sprites/master/sprites/pokemon/other/official-artwork/346.png"
"347","Anorith","Anorith","Roche","Insecte","https://raw.githubusercontent.com/PokeAPI/sprites/master/sprites/pokemon/other/official-artwork/347.png"
"348","Armaldo","Armaldo","Roche","Insecte","https://raw.githubusercontent.com/PokeAPI/sprites/master/sprites/pokemon/other/official-artwork/348.png"
"349","Barpau","Feebas","Eau","","https://raw.githubusercontent.com/PokeAPI/sprites/master/sprites/pokemon/other/official-artwork/349.png"
"350","Milobellus","Milotic","Eau","","https://raw.githubusercontent.com/PokeAPI/sprites/master/sprites/pokemon/other/official-artwork/350.png"
"351","Morphéo","Castform","Normal","","https://raw.githubusercontent.com/PokeAPI/sprites/master/sprites/pokemon/other/official-artwork/351.png"
"352","Kecleon","Kecleon","Normal","","https://raw.githubusercontent.com/PokeAPI/sprites/master/sprites/pokemon/other/official-artwork/352.png"
"353","Polichombr","Shuppet","Spectre","","https://raw.githubusercontent.com/PokeAPI/sprites/master/sprites/pokemon/other/official-artwork/353.png"
"354","Branette","Banette","Spectre","","https://raw.githubusercontent.com/PokeAPI/sprites/master/sprites/pokemon/other/official-artwork/354.png"
"355","Skelénox","Duskull","Spectre","","https://raw.githubusercontent.com/PokeAPI/sprites/master/sprites/pokemon/other/official-artwork/355.png"
"356","Téraclope","Dusclops","Spectre","","https://raw.githubusercontent.com/PokeAPI/sprites/master/sprites/pokemon/other/official-artwork/356.png"
"357","Tropius","Tropius","Plante","Vol","https://raw.githubusercontent.com/PokeAPI/sprites/master/sprites/pokemon/other/official-artwork/357.png"
"358","Éoko","Chimecho","Psy","","https://raw.githubusercontent.com/PokeAPI/sprites/master/sprites/pokemon/other/official-artwork/358.png"
"359","Absol","Absol","Ténèbres","","https://raw.githubusercontent.com/PokeAPI/sprites/master/sprites/pokemon/other/official-artwork/359.png"
"360","Okéoké","Wynaut","Psy","","https://raw.githubusercontent.com/PokeAPI/sprites/master/sprites/pokemon/other/official-artwork/360.png"
"361","Stalgamin","Snorunt","Glace","","https://raw.githubusercontent.com/PokeAPI/sprites/master/sprites/pokemon/other/official-artwork/361.png"
"362","Oniglali","Glalie","Glace","","https://raw.githubusercontent.com/PokeAPI/sprites/master/sprites/pokemon/other/official-artwork/362.png"
"363","Obalie","Spheal","Glace","Eau","https://raw.githubusercontent.com/PokeAPI/sprites/master/sprites/pokemon/other/official-artwork/363.png"
"364","Phogleur","Sealeo","Glace","Eau","https://raw.githubusercontent.com/PokeAPI/sprites/master/sprites/pokemon/other/official-artwork/364.png"
"365","Kaimorse","Walrein","Glace","Eau","https://raw.githubusercontent.com/PokeAPI/sprites/master/sprites/pokemon/other/official-artwork/365.png"
"366","Coquiperl","Clamperl","Eau","","https://raw.githubusercontent.com/PokeAPI/sprites/master/sprites/pokemon/other/official-artwork/366.png"
"367","Serpang","Huntail","Eau","","https://raw.githubusercontent.com/PokeAPI/sprites/master/sprites/pokemon/other/official-artwork/367.png"
"368","Rosabyss","Gorebyss","Eau","","https://raw.githubusercontent.com/PokeAPI/sprites/master/sprites/pokemon/other/official-artwork/368.png"
"369","Relicanth","Relicanth","Eau","Roche","https://raw.githubusercontent.com/PokeAPI/sprites/master/sprites/pokemon/other/official-artwork/369.png"
"370","Lovdisc","Luvdisc","Eau","","https://raw.githubusercontent.com/PokeAPI/sprites/master/sprites/pokemon/other/official-artwork/370.png"
"371","Draby","Bagon","Dragon","","https://raw.githubusercontent.com/PokeAPI/sprites/master/sprites/pokemon/other/official-artwork/371.png"
"372","Drackhaus","Shelgon","Dragon","","https://raw.githubusercontent.com/PokeAPI/sprites/master/sprites/pokemon/other/official-artwork/372.png"
"373","Drattak","Salamence","Dragon","Vol","https://raw.githubusercontent.com/PokeAPI/sprites/master/sprites/pokemon/other/official-artwork/373.png"
"374","Terhal","Beldum","Acier","Psy","https://raw.githubusercontent.com/PokeAPI/sprites/master/sprites/pokemon/other/official-artwork/374.png"
"375","Métang","Metang","Acier","Psy","https://raw.githubusercontent.com/PokeAPI/sprites/master/sprites/pokemon/other/official-artwork/375.png"
"376","Métalosse","Metagross","Acier","Psy","https://raw.githubusercontent.com/PokeAPI/sprites/master/sprites/pokemon/other/official-artwork/376.png"
"377","Regirock","Regirock","Roche","","https://raw.githubusercontent.com/PokeAPI/sprites/master/sprites/pokemon/other/official-artwork/377.png"
"378","Regice","Regice","Glace","","https://raw.githubusercontent.com/PokeAPI/sprites/master/sprites/pokemon/other/official-artwork/378.png"
"379","Registeel","Registeel","Acier","","https://raw.githubusercontent.com/PokeAPI/sprites/master/sprites/pokemon/other/official-artwork/379.png"
"380","Latias","Latias","Dragon","Psy","https://raw.githubusercontent.com/PokeAPI/sprites/master/sprites/pokemon/other/official-artwork/380.png"
"381","Latios","Latios","Dragon","Psy","https://raw.githubusercontent.com/PokeAPI/sprites/master/sprites/pokemon/other/official-artwork/381.png"
"382","Kyogre","Kyogre","Eau","","https://raw.githubusercontent.com/PokeAPI/sprites/master/sprites/pokemon/other/official-artwork/382.png"
"383","Groudon","Groudon","Sol","","https://raw.githubusercontent.com/PokeAPI/sprites/master/sprites/pokemon/other/official-artwork/383.png"
"384","Rayquaza","Rayquaza","Dragon","Vol","https://raw.githubusercontent.com/PokeAPI/sprites/master/sprites/pokemon/other/official-artwork/384.png"
"385","Jirachi","Jirachi","Acier","Psy","https://raw.githubusercontent.com/PokeAPI/sprites/master/sprites/pokemon/other/official-artwork/385.png"
"386","Deoxys","Deoxys","Psy","","https://raw.githubusercontent.com/PokeAPI/sprites/master/sprites/pokemon/other/official-artwork/386.png"
"387","Tortipouss","Turtwig","Plante","","https://raw.githubusercontent.com/PokeAPI/sprites/master/sprites/pokemon/other/official-artwork/387.png"
"388","Boskara","Grotle","Plante","","https://raw.githubusercontent.com/PokeAPI/sprites/master/sprites/pokemon/other/official-artwork/388.png"
"389","Torterra","Torterra","Plante","Sol","https://raw.githubusercontent.com/PokeAPI/sprites/master/sprites/pokemon/other/official-artwork/389.png"
"390","Ouisticram","Chimchar","Feu","","https://raw.githubusercontent.com/PokeAPI/sprites/master/sprites/pokemon/other/official-artwork/390.png"
"391","Chimpenfeu","Monferno","Feu","Combat","https://raw.githubusercontent.com/PokeAPI/sprites/master/sprites/pokemon/other/official-artwork/391.png"
"392","Simiabraz","Infernape","Feu","Combat","https://raw.githubusercontent.com/PokeAPI/sprites/master/sprites/pokemon/other/official-artwork/392.png"
"393","Tiplouf","Piplup","Eau","","https://raw.githubusercontent.com/PokeAPI/sprites/master/sprites/pokemon/other/official-artwork/393.png"
"394","Prinplouf","Prinplup","Eau","","https://raw.githubusercontent.com/PokeAPI/sprites/master/sprites/pokemon/other/official-artwork/394.png"
"395","Pingoléon","Empoleon","Eau","Acier","https://raw.githubusercontent.com/PokeAPI/sprites/master/sprites/pokemon/other/official-artwork/395.png"
"396","Étourmi","Starly","Normal","Vol","https://raw.githubusercontent.com/PokeAPI/sprites/master/sprites/pokemon/other/official-artwork/396.png"
"397","Étourvol","Staravia","Normal","Vol","https://raw.githubusercontent.com/PokeAPI/sprites/master/sprites/pokemon/other/official-artwork/397.png"
"398","Étouraptor","Staraptor","Normal","Vol","https://raw.githubusercontent.com/PokeAPI/sprites/master/sprites/pokemon/other/official-artwork/398.png"
"399","Keunotor","Bidoof","Normal","","https://raw.githubusercontent.com/PokeAPI/sprites/master/sprites/pokemon/other/official-artwork/399.png"
"400","Castorno","Bibarel","Normal","Eau","https://raw.githubusercontent.com/PokeAPI/sprites/master/sprites/pokemon/other/official-artwork/400.png"
"401","Crikzik","Kricketot","Insecte","","https://raw.githubusercontent.com/PokeAPI/sprites/master/sprites/pokemon/other/official-artwork/401.png"
"402","Mélokrik","Kricketune","Insecte","","https://raw.githubusercontent.com/PokeAPI/sprites/master/sprites/pokemon/other/official-artwork/402.png"
"403","Lixy","Shinx","Électrik","","https://raw.githubusercontent.com/PokeAPI/sprites/master/sprites/pokemon/other/official-artwork/403.png"
"404","Luxio","Luxio","Électrik","","https://raw.githubusercontent.com/PokeAPI/sprites/master/sprites/pokemon/other/official-artwork/404.png"
"405","Luxray","Luxray","Électrik","","https://raw.githubusercontent.com/PokeAPI/sprites/master/sprites/pokemon/other/official-artwork/405.png"
"406","Rozbouton","Budew","Plante","Poison","https://raw.githubusercontent.com/PokeAPI/sprites/master/sprites/pokemon/other/official-artwork/406.png"
"407","Roserade","Roserade","Plante","Poison","https://raw.githubusercontent.com/PokeAPI/sprites/master/sprites/pokemon/other/official-artwork/407.png"
"408","Kranidos","Cranidos","Roche","","https://raw.githubusercontent.com/PokeAPI/sprites/master/sprites/pokemon/other/official-artwork/408.png"
"409","Charkos","Rampardos","Roche","","https://raw.githubusercontent.com/PokeAPI/sprites/master/sprites/pokemon/other/official-artwork/409.png"
"410","Dinoclier","Shieldon","Roche","Acier","https://raw.githubusercontent.com/PokeAPI/sprites/master/sprites/pokemon/other/official-artwork/410.png"
"411","Bastiodon","Bastiodon","Roche","Acier","https://raw.githubusercontent.com/PokeAPI/sprites/master/sprites/pokemon/other/official-artwork/411.png"
"412","Cheniti","Burmy","Insecte","","https://raw.githubusercontent.com/PokeAPI/sprites/master/sprites/pokemon/other/official-artwork/412.png"
"413","Cheniselle","Wormadam","Insecte","Plante","https://raw.githubusercontent.com/PokeAPI/sprites/master/sprites/pokemon/other/official-artwork/413.png"
"414","Papilord","Mothim","Insecte","Vol","https://raw.githubusercontent.com/PokeAPI/sprites/master/sprites/pokemon/other/official-artwork/414.png"
"415","Apitrini","Combee","Insecte","Vol","https://raw.githubusercontent.com/PokeAPI/sprites/master/sprites/pokemon/other/official-artwork/415.png"
"416","Apireine","Vespiquen","Insecte","Vol","https://raw.githubusercontent.com/PokeAPI/sprites/master/sprites/pokemon/other/official-artwork/416.png"
"417","Pachirisu","Pachirisu","Électrik","","https://raw.githubusercontent.com/PokeAPI/sprites/master/sprites/pokemon/other/official-artwork/417.png"
"418","Mustébouée","Buizel","Eau","","https://raw.githubusercontent.com/PokeAPI/sprites/master/sprites/pokemon/other/official-artwork/418.png"
"419","Mustéflott","Floatzel","Eau","","https://raw.githubusercontent.com/PokeAPI/sprites/master/sprites/pokemon/other/official-artwork/419.png"
"420","Ceribou","Cherubi","Plante","","https://raw.githubusercontent.com/PokeAPI/sprites/master/sprites/pokemon/other/official-artwork/420.png"
"421","Ceriflor","Cherrim","Plante","","https://raw.githubusercontent.com/PokeAPI/sprites/master/sprites/pokemon/other/official-artwork/421.png"
"422","Sancoki","Shellos","Eau","","https://raw.githubusercontent.com/PokeAPI/sprites/master/sprites/pokemon/other/official-artwork/422.png"
"423","Tritosor","Gastrodon","Eau","Sol","https://raw.githubusercontent.com/PokeAPI/sprites/master/sprites/pokemon/other/official-artwork/423.png"
"424","Capidextre","Ambipom","Normal","","https://raw.githubusercontent.com/PokeAPI/sprites/master/sprites/pokemon/other/official-artwork/424.png"
"425","Baudrive","Drifloon","Spectre","Vol","https://raw.githubusercontent.com/PokeAPI/sprites/master/sprites/pokemon/other/official-artwork/425.png"
"426","Grodrive","Drifblim","Spectre","Vol","https://raw.githubusercontent.com/PokeAPI/sprites/master/sprites/pokemon/other/official-artwork/426.png"
"427","Laporeille","Buneary","Normal","","https://raw.githubusercontent.com/PokeAPI/sprites/master/sprites/pokemon/other/official-artwork/427.png"
"428","Lockpin","Lopunny","Normal","","https://raw.githubusercontent.com/PokeAPI/sprites/master/sprites/pokemon/other/official-artwork/428.png"
"429","Magirêve","Mismagius","Spectre","","https://raw.githubusercontent.com/PokeAPI/sprites/master/sprites/pokemon/other/official-artwork/429.png"
"430","Corboss","Honchkrow","Ténèbres","Vol","https://raw.githubusercontent.com/PokeAPI/sprites/master/sprites/pokemon/other/official-artwork/430.png"
"431","Chaglam","Glameow","Normal","","https://raw.githubusercontent.com/PokeAPI/sprites/master/sprites/pokemon/other/official-artwork/431.png"
"432","Chaffreux","Purugly","Normal","","https://raw.githubusercontent.com/PokeAPI/sprites/master/sprites/pokemon/other/official-artwork/432.png"
"433","Korillon","Chingling","Psy","","https://raw.githubusercontent.com/PokeAPI/sprites/master/sprites/pokemon/other/official-artwork/433.png"
"434","Moufouette","Stunky","Poison","Ténèbres","https://raw.githubusercontent.com/PokeAPI/sprites/master/sprites/pokemon/other/official-artwork/434.png"
"435","Moufflair","Skuntank","Poison","Ténèbres","https://raw.githubusercontent.com/PokeAPI/sprites/master/sprites/pokemon/other/official-artwork/435.png"
"436","Archéomire","Bronzor","Acier","Psy","https://raw.githubusercontent.com/PokeAPI/sprites/master/sprites/pokemon/other/official-artwork/436.png"
"437","Archéodong","Bronzong","Acier","Psy","https://raw.githubusercontent.com/PokeAPI/sprites/master/sprites/pokemon/other/official-artwork/437.png"
"438","Manzaï","Bonsly","Roche","","https://raw.githubusercontent.com/PokeAPI/sprites/master/sprites/pokemon/other/official-artwork/438.png"
"439","Mime Jr.","Mime Jr.","Psy","Fée","https://raw.githubusercontent.com/PokeAPI/sprites/master/sprites/pokemon/other/official-artwork/439.png"
"440","Ptiravi","Happiny","Normal","","https://raw.githubusercontent.com/PokeAPI/sprites/master/sprites/pokemon/other/official-artwork/440.png"
"441","Pijako","Chatot","Normal","Vol","https://raw.githubusercontent.com/PokeAPI/sprites/master/sprites/pokemon/other/official-artwork/441.png"
"442","Spiritomb","Spiritomb","Spectre","Ténèbres","https://raw.githubusercontent.com/PokeAPI/sprites/master/sprites/pokemon/other/official-artwork/442.png"
"443","Griknot","Gible","Dragon","Sol","https://raw.githubusercontent.com/PokeAPI/sprites/master/sprites/pokemon/other/official-artwork/443.png"
"444","Carmache","Gabite","Dragon","Sol","https://raw.githubusercontent.com/PokeAPI/sprites/master/sprites/pokemon/other/official-artwork/444.png"
"445","Carchacrok","Garchomp","Dragon","Sol","https://raw.githubusercontent.com/PokeAPI/sprites/master/sprites/pokemon/other/official-artwork/445.png"
"446","Goinfrex","Munchlax","Normal","","https://raw.githubusercontent.com/PokeAPI/sprites/master/sprites/pokemon/other/official-artwork/446.png"
"447","Riolu","Riolu","Combat","","https://raw.githubusercontent.com/PokeAPI/sprites/master/sprites/pokemon/other/official-artwork/447.png"
"448","Lucario","Lucario","Combat","Acier","https://raw.githubusercontent.com/PokeAPI/sprites/master/sprites/pokemon/other/official-artwork/448.png"
"449","Hippopotas","Hippopotas","Sol","","https://raw.githubusercontent.com/PokeAPI/sprites/master/sprites/pokemon/other/official-artwork/449.png"
"450","Hippodocus","Hippowdon","Sol","","https://raw.githubusercontent.com/PokeAPI/sprites/master/sprites/pokemon/other/official-artwork/450.png"
"451","Rapion","Skorupi","Poison","Insecte","https://raw.githubusercontent.com/PokeAPI/sprites/master/sprites/pokemon/other/official-artwork/451.png"
"452","Drascore","Drapion","Poison","Ténèbres","https://raw.githubusercontent.com/PokeAPI/sprites/master/sprites/pokemon/other/official-artwork/452.png"
"453","Cradopaud","Croagunk","Poison","Combat","https://raw.githubusercontent.com/PokeAPI/sprites/master/sprites/pokemon/other/official-artwork/453.png"
"454","Coatox","Toxicroak","Poison","Combat","https://raw.githubusercontent.com/PokeAPI/sprites/master/sprites/pokemon/other/official-artwork/454.png"
"455","Vortente","Carnivine","Plante","","https://raw.githubusercontent.com/PokeAPI/sprites/master/sprites/pokemon/other/official-artwork/455.png"
"456","Écayon","Finneon","Eau","","https://raw.githubusercontent.com/PokeAPI/sprites/master/sprites/pokemon/other/official-artwork/456.png"
"457","Luminéon","Lumineon","Eau","","https://raw.githubusercontent.com/PokeAPI/sprites/master/sprites/pokemon/other/official-artwork/457.png"
"458","Babimanta","Mantyke","Eau","Vol","https://raw.githubusercontent.com/PokeAPI/sprites/master/sprites/pokemon/other/official-artwork/458.png"
"459","Blizzi","Snover","Plante","Glace","https://raw.githubusercontent.com/PokeAPI/sprites/master/sprites/pokemon/other/official-artwork/459.png"
"460","Blizzaroi","Abomasnow","Plante","Glace","https://raw.githubusercontent.com/PokeAPI/sprites/master/sprites/pokemon/other/official-artwork/460.png"
"461","Dimoret","Weavile","Ténèbres","Glace","https://raw.githubusercontent.com/PokeAPI/sprites/master/sprites/pokemon/other/official-artwork/461.png"
"462","Magnézone","Magnezone","Électrik","Acier","https://raw.githubusercontent.com/PokeAPI/sprites/master/sprites/pokemon/other/official-artwork/462.png"
"463","Coudlangue","Lickilicky","Normal","","https://raw.githubusercontent.com/PokeAPI/sprites/master/sprites/pokemon/other/official-artwork/463.png"
"464","Rhinastoc","Rhyperior","Sol","Roche","https://raw.githubusercontent.com/PokeAPI/sprites/master/sprites/pokemon/other/official-artwork/464.png"
"465","Bouldeneu","Tangrowth","Plante","","https://raw.githubusercontent.com/PokeAPI/sprites/master/sprites/pokemon/other/official-artwork/465.png"
"466","Élekable","Electivire","Électrik","","https://raw.githubusercontent.com/PokeAPI/sprites/master/sprites/pokemon/other/official-artwork/466.png"
"467","Maganon","Magmortar","Feu","","https://raw.githubusercontent.com/PokeAPI/sprites/master/sprites/pokemon/other/official-artwork/467.png"
"468","Togekiss","Togekiss","Fée","Vol","https://raw.githubusercontent.com/PokeAPI/sprites/master/sprites/pokemon/other/official-artwork/468.png"
"469","Yanmega","Yanmega","Insecte","Vol","https://raw.githubusercontent.com/PokeAPI/sprites/master/sprites/pokemon/other/official-artwork/469.png"
"470","Phyllali","Leafeon","Plante","","https://raw.githubusercontent.com/PokeAPI/sprites/master/sprites/pokemon/other/official-artwork/470.png"
"471","Givrali","Glaceon","Glace","","https://raw.githubusercontent.com/PokeAPI/sprites/master/sprites/pokemon/other/official-artwork/471.png"
"472","Scorvol","Gliscor","Sol","Vol","https://raw.githubusercontent.com/PokeAPI/sprites/master/sprites/pokemon/other/official-artwork/472.png"
"473","Mammochon","Mamoswine","Glace","Sol","https://raw.githubusercontent.com/PokeAPI/sprites/master/sprites/pokemon/other/official-artwork/473.png"
"474","Porygon-Z","Porygon-Z","Normal","","https://raw.githubusercontent.com/PokeAPI/sprites/master/sprites/pokemon/other/official-artwork/474.png"
"475","Gallame","Gallade","Psy","Combat","https://raw.githubusercontent.com/PokeAPI/sprites/master/sprites/pokemon/other/official-artwork/475.png"
"476","Tarinorme","Probopass","Roche","Acier","https://raw.githubusercontent.com/PokeAPI/sprites/master/sprites/pokemon/other/official-artwork/476.png"
"477","Noctunoir","Dusknoir","Spectre","","https://raw.githubusercontent.com/PokeAPI/sprites/master/sprites/pokemon/other/official-artwork/477.png"
"478","Momartik","Froslass","Glace","Spectre","https://raw.githubusercontent.com/PokeAPI/sprites/master/sprites/pokemon/other/official-artwork/478.png"
"479","Motisma","Rotom","Électrik","Spectre","https://raw.githubusercontent.com/PokeAPI/sprites/master/sprites/pokemon/other/official-artwork/479.png"
"480","Créhelf","Uxie","Psy","","https://raw.githubusercontent.com/PokeAPI/sprites/master/sprites/pokemon/other/official-artwork/480.png"
"481","Créfollet","Mesprit","Psy","","https://raw.githubusercontent.com/PokeAPI/sprites/master/sprites/pokemon/other/official-artwork/481.png"
"482","Créfadet","Azelf","Psy","","https://raw.githubusercontent.com/PokeAPI/sprites/master/sprites/pokemon/other/official-artwork/482.png"
"483","Dialga","Dialga","Acier","Dragon","https://raw.githubusercontent.com/PokeAPI/sprites/master/sprites/pokemon/other/official-artwork/483.png"
"484","Palkia","Palkia","Eau","Dragon","https://raw.githubusercontent.com/PokeAPI/sprites/master/sprites/pokemon/other/official-artwork/484.png"
"485","Heatran","Heatran","Feu","Acier","https://raw.githubusercontent.com/PokeAPI/sprites/master/sprites/pokemon/other/official-artwork/485.png"
"486","Regigigas","Regigigas","Normal","","https://raw.githubusercontent.com/PokeAPI/sprites/master/sprites/pokemon/other/official-artwork/486.png"
"487","Giratina","Giratina","Spectre","Dragon","https://raw.githubusercontent.com/PokeAPI/sprites/master/sprites/pokemon/other/official-artwork/487.png"
"488","Cresselia","Cresselia","Psy","","https://raw.githubusercontent.com/PokeAPI/sprites/master/sprites/pokemon/other/official-artwork/488.png"
"489","Phione","Phione","Eau","","https://raw.githubusercontent.com/PokeAPI/sprites/master/sprites/pokemon/other/official-artwork/489.png"
"490","Manaphy","Manaphy","Eau","","https://raw.githubusercontent.com/PokeAPI/sprites/master/sprites/pokemon/other/official-artwork/490.png"
"491","Darkrai","Darkrai","Ténèbres","","https://raw.githubusercontent.com/PokeAPI/sprites/master/sprites/pokemon/other/official-artwork/491.png"
"492","Shaymin","Shaymin","Plante","","https://raw.githubusercontent.com/PokeAPI/sprites/master/sprites/pokemon/other/official-artwork/492.png"
"493","Arceus","Arceus","Normal","","https://raw.githubusercontent.com/PokeAPI/sprites/master/sprites/pokemon/other/official-artwork/493.png"
"494","Victini","Victini","Psy","Feu","https://raw.githubusercontent.com/PokeAPI/sprites/master/sprites/pokemon/other/official-artwork/494.png"
"495","Vipélierre","Snivy","Plante","","https://raw.githubusercontent.com/PokeAPI/sprites/master/sprites/pokemon/other/official-artwork/495.png"
"496","Lianaja","Servine","Plante","","https://raw.githubusercontent.com/PokeAPI/sprites/master/sprites/pokemon/other/official-artwork/496.png"
"497","Majaspic","Serperior","Plante","","https://raw.githubusercontent.com/PokeAPI/sprites/master/sprites/pokemon/other/official-artwork/497.png"
"498","Gruikui","Tepig","Feu","","https://raw.githubusercontent.com/PokeAPI/sprites/master/sprites/pokemon/other/official-artwork/498.png"
"499","Grotichon","Pignite","Feu","Combat","https://raw.githubusercontent.com/PokeAPI/sprites/master/sprites/pokemon/other/official-artwork/499.png"
"500","Roitiflam","Emboar","Feu","Combat","https://raw.githubusercontent.com/PokeAPI/sprites/master/sprites/pokemon/other/official-artwork/500.png"
"501","Moustillon","Oshawott","Eau","","https://raw.githubusercontent.com/PokeAPI/sprites/master/sprites/pokemon/other/official-artwork/501.png"
"502","Mateloutre","Dewott","Eau","","https://raw.githubusercontent.com/PokeAPI/sprites/master/sprites/pokemon/other/official-artwork/502.png"
"503","Clamiral","Samurott","Eau","","https://raw.githubusercontent.com/PokeAPI/sprites/master/sprites/pokemon/other/official-artwork/503.png"
"504","Ratentif","Patrat","Normal","","https://raw.githubusercontent.com/PokeAPI/sprites/master/sprites/pokemon/other/official-artwork/504.png"
"505","Miradar","Watchog","Normal","","https://raw.githubusercontent.com/PokeAPI/sprites/master/sprites/pokemon/other/official-artwork/505.png"
"506","Ponchiot","Lillipup","Normal","","https://raw.githubusercontent.com/PokeAPI/sprites/master/sprites/pokemon/other/official-artwork/506.png"
"507","Ponchien","Herdier","Normal","","https://raw.githubusercontent.com/PokeAPI/sprites/master/sprites/pokemon/other/official-artwork/507.png"
"508","Mastouffe","Stoutland","Normal","","https://raw.githubusercontent.com/PokeAPI/sprites/master/sprites/pokemon/other/official-artwork/508.png"
"509","Chacripan","Purrloin","Ténèbres","","https://raw.githubusercontent.com/PokeAPI/sprites/master/sprites/pokemon/other/official-artwork/509.png"
"510","Léopardus","Liepard","Ténèbres","","https://raw.githubusercontent.com/PokeAPI/sprites/master/sprites/pokemon/other/official-artwork/510.png"
"511","Feuillajou","Pansage","Plante","","https://raw.githubusercontent.com/PokeAPI/sprites/master/sprites/pokemon/other/official-artwork/511.png"
"512","Feuiloutan","Simisage","Plante","","https://raw.githubusercontent.com/PokeAPI/sprites/master/sprites/pokemon/other/official-artwork/512.png"
"513","Flamajou","Pansear","Feu","","https://raw.githubusercontent.com/PokeAPI/sprites/master/sprites/pokemon/other/official-artwork/513.png"
"514","Flamoutan","Simisear","Feu","","https://raw.githubusercontent.com/PokeAPI/sprites/master/sprites/pokemon/other/official-artwork/514.png"
"515","Flotajou","Panpour","Eau","","https://raw.githubusercontent.com/PokeAPI/sprites/master/sprites/pokemon/other/official-artwork/515.png"
"516","Flotoutan","Simipour","Eau","","https://raw.githubusercontent.com/PokeAPI/sprites/master/sprites/pokemon/other/official-artwork/516.png"
"517","Munna","Munna","Psy","","https://raw.githubusercontent.com/PokeAPI/sprites/master/sprites/pokemon/other/official-artwork/517.png"
"518","Mushana","Musharna","Psy","","https://raw.githubusercontent.com/PokeAPI/sprites/master/sprites/pokemon/other/official-artwork/518.png"
"519","Poichigeon","Pidove","Normal","Vol","https://raw.githubusercontent.com/PokeAPI/sprites/master/sprites/pokemon/other/official-artwork/519.png"
"520","Colombeau","Tranquill","Normal","Vol","https://raw.githubusercontent.com/PokeAPI/sprites/master/sprites/pokemon/other/official-artwork/520.png"
"521","Déflaisan","Unfezant","Normal","Vol","https://raw.githubusercontent.com/PokeAPI/sprites/master/sprites/pokemon/other/official-artwork/521.png"
"522","Zébibron","Blitzle","Électrik","","https://raw.githubusercontent.com/PokeAPI/sprites/master/sprites/pokemon/other/official-artwork/522.png"
"523","Zéblitz","Zebstrika","Électrik","","https://raw.githubusercontent.com/PokeAPI/sprites/master/sprites/pokemon/other/official-artwork/523.png"
"524","Nodulithe","Roggenrola","Roche","","https://raw.githubusercontent.com/PokeAPI/sprites/master/sprites/pokemon/other/official-artwork/524.png"
"525","Géolithe","Boldore","Roche","","https://raw.githubusercontent.com/PokeAPI/sprites/master/sprites/pokemon/other/official-artwork/525.png"
"526","Gigalithe","Gigalith","Roche","","https://raw.githubusercontent.com/PokeAPI/sprites/master/sprites/pokemon/other/official-artwork/526.png"
"527","Chovsourir","Woobat","Psy","Vol","https://raw.githubusercontent.com/PokeAPI/sprites/master/sprites/pokemon/other/official-artwork/527.png"
"528","Rhinolove","Swoobat","Psy","Vol","https://raw.githubusercontent.com/PokeAPI/sprites/master/sprites/pokemon/other/official-artwork/528.png"
"529","Rototaupe","Drilbur","Sol","","https://raw.githubusercontent.com/PokeAPI/sprites/master/sprites/pokemon/other/official-artwork/529.png"
"530","Minotaupe","Excadrill","Sol","Acier","https://raw.githubusercontent.com/PokeAPI/sprites/master/sprites/pokemon/other/official-artwork/530.png"
"531","Nanméouïe","Audino","Normal","","https://raw.githubusercontent.com/PokeAPI/sprites/master/sprites/pokemon/other/official-artwork/531.png"
"532","Charpenti","Timburr","Combat","","https://raw.githubusercontent.com/PokeAPI/sprites/master/sprites/pokemon/other/official-artwork/532.png"
"533","Ouvrifier","Gurdurr","Combat","","https://raw.githubusercontent.com/PokeAPI/sprites/master/sprites/pokemon/other/official-artwork/533.png"
"534","Bétochef","Conkeldurr","Combat","","https://raw.githubusercontent.com/PokeAPI/sprites/master/sprites/pokemon/other/official-artwork/534.png"
"535","Tritonde","Tympole","Eau","","https://raw.githubusercontent.com/PokeAPI/sprites/master/sprites/pokemon/other/official-artwork/535.png"
"536","Batracné","Palpitoad","Eau","Sol","https://raw.githubusercontent.com/PokeAPI/sprites/master/sprites/pokemon/other/official-artwork/536.png"
"537","Crapustule","Seismitoad","Eau","Sol","https://raw.githubusercontent.com/PokeAPI/sprites/master/sprites/pokemon/other/official-artwork/537.png"
"538","Judokrak","Throh","Combat","","https://raw.githubusercontent.com/PokeAPI/sprites/master/sprites/pokemon/other/official-artwork/538.png"
"539","Karaclée","Sawk","Combat","","https://raw.githubusercontent.com/PokeAPI/sprites/master/sprites/pokemon/other/official-artwork/539.png"
"540","Larveyette","Sewaddle","Insecte","Plante","https://raw.githubusercontent.com/PokeAPI/sprites/master/sprites/pokemon/other/official-artwork/540.png"
"541","Couverdure","Swadloon","Insecte","Plante","https://raw.githubusercontent.com/PokeAPI/sprites/master/sprites/pokemon/other/official-artwork/541.png"
"542","Manternel","Leavanny","Insecte","Plante","https://raw.githubusercontent.com/PokeAPI/sprites/master/sprites/pokemon/other/official-artwork/542.png"
"543","Venipatte","Venipede","Insecte","Poison","https://raw.githubusercontent.com/PokeAPI/sprites/master/sprites/pokemon/other/official-artwork/543.png"
"544","Scobolide","Whirlipede","Insecte","Poison","https://raw.githubusercontent.com/PokeAPI/sprites/master/sprites/pokemon/other/official-artwork/544.png"
"545","Brutapode","Scolipede","Insecte","Poison","https://raw.githubusercontent.com/PokeAPI/sprites/master/sprites/pokemon/other/official-artwork/545.png"
"546","Doudouvet","Cottonee","Plante","Fée","https://raw.githubusercontent.com/PokeAPI/sprites/master/sprites/pokemon/other/official-artwork/546.png"
"547","Farfaduvet","Whimsicott","Plante","Fée","https://raw.githubusercontent.com/PokeAPI/sprites/master/sprites/pokemon/other/official-artwork/547.png"
"548","Chlorobule","Petilil","Plante","","https://raw.githubusercontent.com/PokeAPI/sprites/master/sprites/pokemon/other/official-artwork/548.png"
"549","Fragilady","Lilligant","Plante","","https://raw.githubusercontent.com/PokeAPI/sprites/master/sprites/pokemon/other/official-artwork/549.png"
"550","Bargantua","Basculin","Eau","","https://raw.githubusercontent.com/PokeAPI/sprites/master/sprites/pokemon/other/official-artwork/550.png"
"551","Mascaïman","Sandile","Sol","Ténèbres","https://raw.githubusercontent.com/PokeAPI/sprites/master/sprites/pokemon/other/official-artwork/551.png"
"552","Escroco","Krokorok","Sol","Ténèbres","https://raw.githubusercontent.com/PokeAPI/sprites/master/sprites/pokemon/other/official-artwork/552.png"
"553","Crocorible","Krookodile","Sol","Ténèbres","https://raw.githubusercontent.com/PokeAPI/sprites/master/sprites/pokemon/other/official-artwork/553.png"
"554","Darumarond","Darumaka","Feu","","https://raw.githubusercontent.com/PokeAPI/sprites/master/sprites/pokemon/other/official-artwork/554.png"
"555","Darumacho","Darmanitan","Feu","","https://raw.githubusercontent.com/PokeAPI/sprites/master/sprites/pokemon/other/official-artwork/555.png"
"556","Maracachi","Maractus","Plante","","https://raw.githubusercontent.com/PokeAPI/sprites/master/sprites/pokemon/other/official-artwork/556.png"
"557","Crabicoque","Dwebble","Insecte","Roche","https://raw.githubusercontent.com/PokeAPI/sprites/master/sprites/pokemon/other/official-artwork/557.png"
"558","Crabaraque","Crustle","Insecte","Roche","https://raw.githubusercontent.com/PokeAPI/sprites/master/sprites/pokemon/other/official-artwork/558.png"
"559","Baggiguane","Scraggy","Ténèbres","Combat","https://raw.githubusercontent.com/PokeAPI/sprites/master/sprites/pokemon/other/official-artwork/559.png"
"560","Baggaïd","Scrafty","Ténèbres","Combat","https://raw.githubusercontent.com/PokeAPI/sprites/master/sprites/pokemon/other/official-artwork/560.png"
"561","Cryptéro","Sigilyph","Psy","Vol","https://raw.githubusercontent.com/PokeAPI/sprites/master/sprites/pokemon/other/official-artwork/561.png"
"562","Tutafeh","Yamask","Spectre","","https://raw.githubusercontent.com/PokeAPI/sprites/master/sprites/pokemon/other/official-artwork/562.png"
"563","Tutankafer","Cofagrigus","Spectre","","https://raw.githubusercontent.com/PokeAPI/sprites/master/sprites/pokemon/other/official-artwork/563.png"
"564","Carapagos","Tirtouga","Eau","Roche","https://raw.githubusercontent.com/PokeAPI/sprites/master/sprites/pokemon/other/official-artwork/564.png"
"565","Mégapagos","Carracosta","Eau","Roche","https://raw.githubusercontent.com/PokeAPI/sprites/master/sprites/pokemon/other/official-artwork/565.png"
"566","Arkéapti","Archen","Roche","Vol","https://raw.githubusercontent.com/PokeAPI/sprites/master/sprites/pokemon/other/official-artwork/566.png"
"567","Aéroptéryx","Archeops","Roche","Vol","https://raw.githubusercontent.com/PokeAPI/sprites/master/sprites/pokemon/other/official-artwork/567.png"
"568","Miamiasme","Trubbish","Poison","","https://raw.githubusercontent.com/PokeAPI/sprites/master/sprites/pokemon/other/official-artwork/568.png"
"569","Miasmax","Garbodor","Poison","","https://raw.githubusercontent.com/PokeAPI/sprites/master/sprites/pokemon/other/official-artwork/569.png"
"570","Zorua","Zorua","Ténèbres","","https://raw.githubusercontent.com/PokeAPI/sprites/master/sprites/pokemon/other/official-artwork/570.png"
"571","Zoroark","Zoroark","Ténèbres","","https://raw.githubusercontent.com/PokeAPI/sprites/master/sprites/pokemon/other/official-artwork/571.png"
"572","Chinchidou","Minccino","Normal","","https://raw.githubusercontent.com/PokeAPI/sprites/master/sprites/pokemon/other/official-artwork/572.png"
"573","Pashmilla","Cinccino","Normal","","https://raw.githubusercontent.com/PokeAPI/sprites/master/sprites/pokemon/other/official-artwork/573.png"
"574","Scrutella","Gothita","Psy","","https://raw.githubusercontent.com/PokeAPI/sprites/master/sprites/pokemon/other/official-artwork/574.png"
"575","Mesmérella","Gothorita","Psy","","https://raw.githubusercontent.com/PokeAPI/sprites/master/sprites/pokemon/other/official-artwork/575.png"
"576","Sidérella","Gothitelle","Psy","","https://raw.githubusercontent.com/PokeAPI/sprites/master/sprites/pokemon/other/official-artwork/576.png"
"577","Nucléos","Solosis","Psy","","https://raw.githubusercontent.com/PokeAPI/sprites/master/sprites/pokemon/other/official-artwork/577.png"
"578","Méios","Duosion","Psy","","https://raw.githubusercontent.com/PokeAPI/sprites/master/sprites/pokemon/other/official-artwork/578.png"
"579","Symbios","Reuniclus","Psy","","https://raw.githubusercontent.com/PokeAPI/sprites/master/sprites/pokemon/other/official-artwork/579.png"
"580","Couaneton","Ducklett","Eau","Vol","https://raw.githubusercontent.com/PokeAPI/sprites/master/sprites/pokemon/other/official-artwork/580.png"
"581","Lakmécygne","Swanna","Eau","Vol","https://raw.githubusercontent.com/PokeAPI/sprites/master/sprites/pokemon/other/official-artwork/581.png"
"582","Sorbébé","Vanillite","Glace","","https://raw.githubusercontent.com/PokeAPI/sprites/master/sprites/pokemon/other/official-artwork/582.png"
"583","Sorboul","Vanillish","Glace","","https://raw.githubusercontent.com/PokeAPI/sprites/master/sprites/pokemon/other/official-artwork/583.png"
"584","Sorbouboul","Vanilluxe","Glace","","https://raw.githubusercontent.com/PokeAPI/sprites/master/sprites/pokemon/other/official-artwork/584.png"
"585","Vivaldaim","Deerling","Normal","Plante","https://raw.githubusercontent.com/PokeAPI/sprites/master/sprites/pokemon/other/official-artwork/585.png"
"586","Haydaim","Sawsbuck","Normal","Plante","https://raw.githubusercontent.com/PokeAPI/sprites/master/sprites/pokemon/other/official-artwork/586.png"
"587","Emolga","Emolga","Électrik","Vol","https://raw.githubusercontent.com/PokeAPI/sprites/master/sprites/pokemon/other/official-artwork/587.png"
"588","Carabing","Karrablast","Insecte","","https://raw.githubusercontent.com/PokeAPI/sprites/master/sprites/pokemon/other/official-artwork/588.png"
"589","Lançargot","Escavalier","Insecte","Acier","https://raw.githubusercontent.com/PokeAPI/sprites/master/sprites/pokemon/other/official-artwork/589.png"
"590","Trompignon","Foongus","Plante","Poison","https://raw.githubusercontent.com/PokeAPI/sprites/master/sprites/pokemon/other/official-artwork/590.png"
"591","Gaulet","Amoonguss","Plante","Poison","https://raw.githubusercontent.com/PokeAPI/sprites/master/sprites/pokemon/other/official-artwork/591.png"
"592","Viskuse","Frillish","Eau","Spectre","https://raw.githubusercontent.com/PokeAPI/sprites/master/sprites/pokemon/other/official-artwork/592.png"
"593","Moyade","Jellicent","Eau","Spectre","https://raw.githubusercontent.com/PokeAPI/sprites/master/sprites/pokemon/other/official-artwork/593.png"
"594","Mamanbo","Alomomola","Eau","","https://raw.githubusercontent.com/PokeAPI/sprites/master/sprites/pokemon/other/official-artwork/594.png"
"595","Statitik","Joltik","Insecte","Électrik","https://raw.githubusercontent.com/PokeAPI/sprites/master/sprites/pokemon/other/official-artwork/595.png"
"596","Mygavolt","Galvantula","Insecte","Électrik","https://raw.githubusercontent.com/PokeAPI/sprites/master/sprites/pokemon/other/official-artwork/596.png"
"597","Grindur","Ferroseed","Plante","Acier","https://raw.githubusercontent.com/PokeAPI/sprites/master/sprites/pokemon/other/official-artwork/597.png"
"598","Noacier","Ferrothorn","Plante","Acier","https://raw.githubusercontent.com/PokeAPI/sprites/master/sprites/pokemon/other/official-artwork/598.png"
"599","Tic","Klink","Acier","","https://raw.githubusercontent.com/PokeAPI/sprites/master/sprites/pokemon/other/official-artwork/599.png"
"600","Clic","Klang","Acier","","https://raw.githubusercontent.com/PokeAPI/sprites/master/sprites/pokemon/other/official-artwork/600.png"
"601","Cliticlic","Klinklang","Acier","","https://raw.githubusercontent.com/PokeAPI/sprites/master/sprites/pokemon/other/official-artwork/601.png"
"602","Anchwatt","Tynamo","Électrik","","https://raw.githubusercontent.com/PokeAPI/sprites/master/sprites/pokemon/other/official-artwork/602.png"
"603","Lampéroie","Eelektrik","Électrik","","https://raw.githubusercontent.com/PokeAPI/sprites/master/sprites/pokemon/other/official-artwork/603.png"
"604","Ohmassacre","Eelektross","Électrik","","https://raw.githubusercontent.com/PokeAPI/sprites/master/sprites/pokemon/other/official-artwork/604.png"
"605","Lewsor","Elgyem","Psy","","https://raw.githubusercontent.com/PokeAPI/sprites/master/sprites/pokemon/other/official-artwork/605.png"
"606","Neitram","Beheeyem","Psy","","https://raw.githubusercontent.com/PokeAPI/sprites/master/sprites/pokemon/other/official-artwork/606.png"
"607","Funécire","Litwick","Spectre","Feu","https://raw.githubusercontent.com/PokeAPI/sprites/master/sprites/pokemon/other/official-artwork/607.png"
"608","Mélancolux","Lampent","Spectre","Feu","https://raw.githubusercontent.com/PokeAPI/sprites/master/sprites/pokemon/other/official-artwork/608.png"
"609","Lugulabre","Chandelure","Spectre","Feu","https://raw.githubusercontent.com/PokeAPI/sprites/master/sprites/pokemon/other/official-artwork/609.png"
"610","Coupenotte","Axew","Dragon","","https://raw.githubusercontent.com/PokeAPI/sprites/master/sprites/pokemon/other/official-artwork/610.png"
"611","Incisache","Fraxure","Dragon","","https://raw.githubusercontent.com/PokeAPI/sprites/master/sprites/pokemon/other/official-artwork/611.png"
"612","Tranchodon","Haxorus","Dragon","","https://raw.githubusercontent.com/PokeAPI/sprites/master/sprites/pokemon/other/official-artwork/612.png"
"613","Polarhume","Cubchoo","Glace","","https://raw.githubusercontent.com/PokeAPI/sprites/master/sprites/pokemon/other/official-artwork/613.png"
"614","Polagriffe","Beartic","Glace","","https://raw.githubusercontent.com/PokeAPI/sprites/master/sprites/pokemon/other/official-artwork/614.png"
"615","Hexagel","Cryogonal","Glace","","https://raw.githubusercontent.com/PokeAPI/sprites/master/sprites/pokemon/other/official-artwork/615.png"
"616","Escargaume","Shelmet","Insecte","","https://raw.githubusercontent.com/PokeAPI/sprites/master/sprites/pokemon/other/official-artwork/616.png"
"617","Limaspeed","Accelgor","Insecte","","https://raw.githubusercontent.com/PokeAPI/sprites/master/sprites/pokemon/other/official-artwork/617.png"
"618","Limonde","Stunfisk","Sol","Électrik","https://raw.githubusercontent.com/PokeAPI/sprites/master/sprites/pokemon/other/official-artwork/618.png"
"619","Kungfouine","Mienfoo","Combat","","https://raw.githubusercontent.com/PokeAPI/sprites/master/sprites/pokemon/other/official-artwork/619.png"
"620","Shaofouine","Mienshao","Combat","","https://raw.githubusercontent.com/PokeAPI/sprites/master/sprites/pokemon/other/official-artwork/620.png"
"621","Drakkarmin","Druddigon","Dragon","","https://raw.githubusercontent.com/PokeAPI/sprites/master/sprites/pokemon/other/official-artwork/621.png"
"622","Gringolem","Golett","Sol","Spectre","https://raw.githubusercontent.com/PokeAPI/sprites/master/sprites/pokemon/other/official-artwork/622.png"
"623","Golemastoc","Golurk","Sol","Spectre","https://raw.githubusercontent.com/PokeAPI/sprites/master/sprites/pokemon/other/official-artwork/623.png"
"624","Scalpion","Pawniard","Ténèbres","Acier","https://raw.githubusercontent.com/PokeAPI/sprites/master/sprites/pokemon/other/official-artwork/624.png"
"625","Scalproie","Bisharp","Ténèbres","Acier","https://raw.githubusercontent.com/PokeAPI/sprites/master/sprites/pokemon/other/official-artwork/625.png"
"626","Frison","Bouffalant","Normal","","https://raw.githubusercontent.com/PokeAPI/sprites/master/sprites/pokemon/other/official-artwork/626.png"
"627","Furaiglon","Rufflet","Normal","Vol","https://raw.githubusercontent.com/PokeAPI/sprites/master/sprites/pokemon/other/official-artwork/627.png"
"628","Gueriaigle","Braviary","Normal","Vol","https://raw.githubusercontent.com/PokeAPI/sprites/master/sprites/pokemon/other/official-artwork/628.png"
"629","Vostourno","Vullaby","Ténèbres","Vol","https://raw.githubusercontent.com/PokeAPI/sprites/master/sprites/pokemon/other/official-artwork/629.png"
"630","Vaututrice","Mandibuzz","Ténèbres","Vol","https://raw.githubusercontent.com/PokeAPI/sprites/master/sprites/pokemon/other/official-artwork/630.png"
"631","Aflamanoir","Heatmor","Feu","","https://raw.githubusercontent.com/PokeAPI/sprites/master/sprites/pokemon/other/official-artwork/631.png"
"632","Fermite","Durant","Insecte","Acier","https://raw.githubusercontent.com/PokeAPI/sprites/master/sprites/pokemon/other/official-artwork/632.png"
"633","Solochi","Deino","Ténèbres","Dragon","https://raw.githubusercontent.com/PokeAPI/sprites/master/sprites/pokemon/other/official-artwork/633.png"
"634","Diamat","Zweilous","Ténèbres","Dragon","https://raw.githubusercontent.com/PokeAPI/sprites/master/sprites/pokemon/other/official-artwork/634.png"
"635","Trioxhydre","Hydreigon","Ténèbres","Dragon","https://raw.githubusercontent.com/PokeAPI/sprites/master/sprites/pokemon/other/official-artwork/635.png"
"636","Pyronille","Larvesta","Insecte","Feu","https://raw.githubusercontent.com/PokeAPI/sprites/master/sprites/pokemon/other/official-artwork/636.png"
"637","Pyrax","Volcarona","Insecte","Feu","https://raw.githubusercontent.com/PokeAPI/sprites/master/sprites/pokemon/other/official-artwork/637.png"
"638","Cobaltium","Cobalion","Acier","Combat","https://raw.githubusercontent.com/PokeAPI/sprites/master/sprites/pokemon/other/official-artwork/638.png"
"639","Terrakium","Terrakion","Roche","Combat","https://raw.githubusercontent.com/PokeAPI/sprites/master/sprites/pokemon/other/official-artwork/639.png"
"640","Viridium","Virizion","Plante","Combat","https://raw.githubusercontent.com/PokeAPI/sprites/master/sprites/pokemon/other/official-artwork/640.png"
"641","Boréas","Tornadus","Vol","","https://raw.githubusercontent.com/PokeAPI/sprites/master/sprites/pokemon/other/official-artwork/641.png"
"642","Fulguris","Thundurus","Électrik","Vol","https://raw.githubusercontent.com/PokeAPI/sprites/master/sprites/pokemon/other/official-artwork/642.png"
"643","Reshiram","Reshiram","Dragon","Feu","https://raw.githubusercontent.com/PokeAPI/sprites/master/sprites/pokemon/other/official-artwork/643.png"
"644","Zekrom","Zekrom","Dragon","Électrik","https://raw.githubusercontent.com/PokeAPI/sprites/master/sprites/pokemon/other/official-artwork/644.png"
"645","Démétéros","Landorus","Sol","Vol","https://raw.githubusercontent.com/PokeAPI/sprites/master/sprites/pokemon/other/official-artwork/645.png"
"646","Kyurem","Kyurem","Dragon","Glace","https://raw.githubusercontent.com/PokeAPI/sprites/master/sprites/pokemon/other/official-artwork/646.png"
"647","Keldeo","Keldeo","Eau","Combat","https://raw.githubusercontent.com/PokeAPI/sprites/master/sprites/pokemon/other/official-artwork/647.png"
"648","Meloetta","Meloetta","Normal","Psy","https://raw.githubusercontent.com/PokeAPI/sprites/master/sprites/pokemon/other/official-artwork/648.png"
"649","Genesect","Genesect","Insecte","Acier","https://raw.githubusercontent.com/PokeAPI/sprites/master/sprites/pokemon/other/official-artwork/649.png"
"650","Marisson","Chespin","Plante","","https://raw.githubusercontent.com/PokeAPI/sprites/master/sprites/pokemon/other/official-artwork/650.png"
"651","Boguérisse","Quilladin","Plante","","https://raw.githubusercontent.com/PokeAPI/sprites/master/sprites/pokemon/other/official-artwork/651.png"
"652","Blindépique","Chesnaught","Plante","Combat","https://raw.githubusercontent.com/PokeAPI/sprites/master/sprites/pokemon/other/official-artwork/652.png"
"653","Feunnec","Fennekin","Feu","","https://raw.githubusercontent.com/PokeAPI/sprites/master/sprites/pokemon/other/official-artwork/653.png"
"654","Roussil","Braixen","Feu","","https://raw.githubusercontent.com/PokeAPI/sprites/master/sprites/pokemon/other/official-artwork/654.png"
"655","Goupelin","Delphox","Feu","Psy","https://raw.githubusercontent.com/PokeAPI/sprites/master/sprites/pokemon/other/official-artwork/655.png"
"656","Grenousse","Froakie","Eau","","https://raw.githubusercontent.com/PokeAPI/sprites/master/sprites/pokemon/other/official-artwork/656.png"
"657","Croâporal","Frogadier","Eau","","https://raw.githubusercontent.com/PokeAPI/sprites/master/sprites/pokemon/other/official-artwork/657.png"
"658","Amphinobi","Greninja","Eau","Ténèbres","https://raw.githubusercontent.com/PokeAPI/sprites/master/sprites/pokemon/other/official-artwork/658.png"
"659","Sapereau","Bunnelby","Normal","","https://raw.githubusercontent.com/PokeAPI/sprites/master/sprites/pokemon/other/official-artwork/659.png"
"660","Excavarenne","Diggersby","Normal","Sol","https://raw.githubusercontent.com/PokeAPI/sprites/master/sprites/pokemon/other/official-artwork/660.png"
"661","Passerouge","Fletchling","Normal","Vol","https://raw.githubusercontent.com/PokeAPI/sprites/master/sprites/pokemon/other/official-artwork/661.png"
"662","Braisillon","Fletchinder","Feu","Vol","https://raw.githubusercontent.com/PokeAPI/sprites/master/sprites/pokemon/other/official-artwork/662.png"
"663","Flambusard","Talonflame","Feu","Vol","https://raw.githubusercontent.com/PokeAPI/sprites/master/sprites/pokemon/other/official-artwork/663.png"
"664","Lépidonille","Scatterbug","Insecte","","https://raw.githubusercontent.com/PokeAPI/sprites/master/sprites/pokemon/other/official-artwork/664.png"
"665","Pérégrain","Spewpa","Insecte","","https://raw.githubusercontent.com/PokeAPI/sprites/master/sprites/pokemon/other/official-artwork/665.png"
"666","Prismillon","Vivillon","Insecte","Vol","https://raw.githubusercontent.com/PokeAPI/sprites/master/sprites/pokemon/other/official-artwork/666.png"
"667","Hélionceau","Litleo","Feu","Normal","https://raw.githubusercontent.com/PokeAPI/sprites/master/sprites/pokemon/other/official-artwork/667.png"
"668","Némélios","Pyroar","Feu","Normal","https://raw.githubusercontent.com/PokeAPI/sprites/master/sprites/pokemon/other/official-artwork/668.png"
"669","Flabébé","Flabébé","Fée","","https://raw.githubusercontent.com/PokeAPI/sprites/master/sprites/pokemon/other/official-artwork/669.png"
"670","Floette","Floette","Fée","","https://raw.githubusercontent.com/PokeAPI/sprites/master/sprites/pokemon/other/official-artwork/670.png"
"671","Florges","Florges","Fée","","https://raw.githubusercontent.com/PokeAPI/sprites/master/sprites/pokemon/other/official-artwork/671.png"
"672","Cabriolaine","Skiddo","Plante","","https://raw.githubusercontent.com/PokeAPI/sprites/master/sprites/pokemon/other/official-artwork/672.png"
"673","Chevroum","Gogoat","Plante","","https://raw.githubusercontent.com/PokeAPI/sprites/master/sprites/pokemon/other/official-artwork/673.png"
"674","Pandespiègle","Pancham","Combat","","https://raw.githubusercontent.com/PokeAPI/sprites/master/sprites/pokemon/other/official-artwork/674.png"
"675","Pandarbare","Pangoro","Combat","Ténèbres","https://raw.githubusercontent.com/PokeAPI/sprites/master/sprites/pokemon/other/official-artwork/675.png"
"676","Couafarel","Furfrou","Normal","","https://raw.githubusercontent.com/PokeAPI/sprites/master/sprites/pokemon/other/official-artwork/676.png"
"677","Psystigri","Espurr","Psy","","https://raw.githubusercontent.com/PokeAPI/sprites/master/sprites/pokemon/other/official-artwork/677.png"
"678","Mistigrix","Meowstic","Psy","","https://raw.githubusercontent.com/PokeAPI/sprites/master/sprites/pokemon/other/official-artwork/678.png"
"679","Monorpale","Honedge","Acier","Spectre","https://raw.githubusercontent.com/PokeAPI/sprites/master/sprites/pokemon/other/official-artwork/679.png"
"680","Dimoclès","Doublade","Acier","Spectre","https://raw.githubusercontent.com/PokeAPI/sprites/master/sprites/pokemon/other/official-artwork/680.png"
"681","Exagide","Aegislash","Acier","Spectre","https://raw.githubusercontent.com/PokeAPI/sprites/master/sprites/pokemon/other/official-artwork/681.png"
"682","Fluvetin","Spritzee","Fée","","https://raw.githubusercontent.com/PokeAPI/sprites/master/sprites/pokemon/other/official-artwork/682.png"
"683","Cocotine","Aromatisse","Fée","","https://raw.githubusercontent.com/PokeAPI/sprites/master/sprites/pokemon/other/official-artwork/683.png"
"684","Sucroquin","Swirlix","Fée","","https://raw.githubusercontent.com/PokeAPI/sprites/master/sprites/pokemon/other/official-artwork/684.png"
"685","Cupcanaille","Slurpuff","Fée","","https://raw.githubusercontent.com/PokeAPI/sprites/master/sprites/pokemon/other/official-artwork/685.png"
"686","Sepiatop","Inkay","Ténèbres","Psy","https://raw.githubusercontent.com/PokeAPI/sprites/master/sprites/pokemon/other/official-artwork/686.png"
"687","Sepiatroce","Malamar","Ténèbres","Psy","https://raw.githubusercontent.com/PokeAPI/sprites/master/sprites/pokemon/other/official-artwork/687.png"
"688","Opermine","Binacle","Roche","Eau","https://raw.githubusercontent.com/PokeAPI/sprites/master/sprites/pokemon/other/official-artwork/688.png"
"689","Golgopathe","Barbaracle","Roche","Eau","https://raw.githubusercontent.com/PokeAPI/sprites/master/sprites/pokemon/other/official-artwork/689.png"
"690","Venalgue","Skrelp","Poison","Eau","https://raw.githubusercontent.com/PokeAPI/sprites/master/sprites/pokemon/other/official-artwork/690.png"
"691","Kravarech","Dragalge","Poison","Dragon","https://raw.githubusercontent.com/PokeAPI/sprites/master/sprites/pokemon/other/official-artwork/691.png"
"692","Flingouste","Clauncher","Eau","","https://raw.githubusercontent.com/PokeAPI/sprites/master/sprites/pokemon/other/official-artwork/692.png"
"693","Gamblast","Clawitzer","Eau","","https://raw.githubusercontent.com/PokeAPI/sprites/master/sprites/pokemon/other/official-artwork/693.png"
"694","Galvaran","Helioptile","Électrik","Normal","https://raw.githubusercontent.com/PokeAPI/sprites/master/sprites/pokemon/other/official-artwork/694.png"
"695","Iguolta","Heliolisk","Électrik","Normal","https://raw.githubusercontent.com/PokeAPI/sprites/master/sprites/pokemon/other/official-artwork/695.png"
"696","Ptyranidur","Tyrunt","Roche","Dragon","https://raw.githubusercontent.com/PokeAPI/sprites/master/sprites/pokemon/other/official-artwork/696.png"
"697","Rexillius","Tyrantrum","Roche","Dragon","https://raw.githubusercontent.com/PokeAPI/sprites/master/sprites/pokemon/other/official-artwork/697.png"
"698","Amagara","Amaura","Roche","Glace","https://raw.githubusercontent.com/PokeAPI/sprites/master/sprites/pokemon/other/official-artwork/698.png"
"699","Dragmara","Aurorus","Roche","Glace","https://raw.githubusercontent.com/PokeAPI/sprites/master/sprites/pokemon/other/official-artwork/699.png"
"700","Nymphali","Sylveon","Fée","","https://raw.githubusercontent.com/PokeAPI/sprites/master/sprites/pokemon/other/official-artwork/700.png"
"701","Brutalibré","Hawlucha","Combat","Vol","https://raw.githubusercontent.com/PokeAPI/sprites/master/sprites/pokemon/other/official-artwork/701.png"
"702","Dedenne","Dedenne","Électrik","Fée","https://raw.githubusercontent.com/PokeAPI/sprites/master/sprites/pokemon/other/official-artwork/702.png"
"703","Strassie","Carbink","Roche","Fée","https://raw.githubusercontent.com/PokeAPI/sprites/master/sprites/pokemon/other/official-artwork/703.png"
"704","Mucuscule","Goomy","Dragon","","https://raw.githubusercontent.com/PokeAPI/sprites/master/sprites/pokemon/other/official-artwork/704.png"
"705","Colimucus","Sliggoo","Dragon","","https://raw.githubusercontent.com/PokeAPI/sprites/master/sprites/pokemon/other/official-artwork/705.png"
"706","Muplodocus","Goodra","Dragon","","https://raw.githubusercontent.com/PokeAPI/sprites/master/sprites/pokemon/other/official-artwork/706.png"
"707","Trousselin","Klefki","Acier","Fée","https://raw.githubusercontent.com/PokeAPI/sprites/master/sprites/pokemon/other/official-artwork/707.png"
"708","Brocélôme","Phantump","Spectre","Plante","https://raw.githubusercontent.com/PokeAPI/sprites/master/sprites/pokemon/other/official-artwork/708.png"
"709","Desséliande","Trevenant","Spectre","Plante","https://raw.githubusercontent.com/PokeAPI/sprites/master/sprites/pokemon/other/official-artwork/709.png"
"710","Pitrouille","Pumpkaboo","Spectre","Plante","https://raw.githubusercontent.com/PokeAPI/sprites/master/sprites/pokemon/other/official-artwork/710.png"
"711","Banshitrouye","Gourgeist","Spectre","Plante","https://raw.githubusercontent.com/PokeAPI/sprites/master/sprites/pokemon/other/official-artwork/711.png"
"712","Grelaçon","Bergmite","Glace","","https://raw.githubusercontent.com/PokeAPI/sprites/master/sprites/pokemon/other/official-artwork/712.png"
"713","Séracrawl","Avalugg","Glace","","https://raw.githubusercontent.com/PokeAPI/sprites/master/sprites/pokemon/other/official-artwork/713.png"
"714","Sonistrelle","Noibat","Vol","Dragon","https://raw.githubusercontent.com/PokeAPI/sprites/master/sprites/pokemon/other/official-artwork/714.png"
"715","Bruyverne","Noivern","Vol","Dragon","https://raw.githubusercontent.com/PokeAPI/sprites/master/sprites/pokemon/other/official-artwork/715.png"
"716","Xerneas","Xerneas","Fée","","https://raw.githubusercontent.com/PokeAPI/sprites/master/sprites/pokemon/other/official-artwork/716.png"
"717","Yveltal","Yveltal","Ténèbres","Vol","https://raw.githubusercontent.com/PokeAPI/sprites/master/sprites/pokemon/other/official-artwork/717.png"
"718","Zygarde","Zygarde","Dragon","Sol","https://raw.githubusercontent.com/PokeAPI/sprites/master/sprites/pokemon/other/official-artwork/718.png"
"719","Diancie","Diancie","Roche","Fée","https://raw.githubusercontent.com/PokeAPI/sprites/master/sprites/pokemon/other/official-artwork/719.png"
"720","Hoopa","Hoopa","Psy","Spectre","https://raw.githubusercontent.com/PokeAPI/sprites/master/sprites/pokemon/other/official-artwork/720.png"
"721","Volcanion","Volcanion","Feu","Eau","https://raw.githubusercontent.com/PokeAPI/sprites/master/sprites/pokemon/other/official-artwork/721.png"
"722","Brindibou","Rowlet","Plante","Vol","https://raw.githubusercontent.com/PokeAPI/sprites/master/sprites/pokemon/other/official-artwork/722.png"
"723","Efflèche","Dartrix","Plante","Vol","https://raw.githubusercontent.com/PokeAPI/sprites/master/sprites/pokemon/other/official-artwork/723.png"
"724","Archéduc","Decidueye","Plante","Spectre","https://raw.githubusercontent.com/PokeAPI/sprites/master/sprites/pokemon/other/official-artwork/724.png"
"725","Flamiaou","Litten","Feu","","https://raw.githubusercontent.com/PokeAPI/sprites/master/sprites/pokemon/other/official-artwork/725.png"
"726","Matoufeu","Torracat","Feu","","https://raw.githubusercontent.com/PokeAPI/sprites/master/sprites/pokemon/other/official-artwork/726.png"
"727","Félinferno","Incineroar","Feu","Ténèbres","https://raw.githubusercontent.com/PokeAPI/sprites/master/sprites/pokemon/other/official-artwork/727.png"
"728","Otaquin","Popplio","Eau","","https://raw.githubusercontent.com/PokeAPI/sprites/master/sprites/pokemon/other/official-artwork/728.png"
"729","Otarlette","Brionne","Eau","","https://raw.githubusercontent.com/PokeAPI/sprites/master/sprites/pokemon/other/official-artwork/729.png"
"730","Oratoria","Primarina","Eau","Fée","https://raw.githubusercontent.com/PokeAPI/sprites/master/sprites/pokemon/other/official-artwork/730.png"
"731","Picassaut","Pikipek","Normal","Vol","https://raw.githubusercontent.com/PokeAPI/sprites/master/sprites/pokemon/other/official-artwork/731.png"
"732","Piclairon","Trumbeak","Normal","Vol","https://raw.githubusercontent.com/PokeAPI/sprites/master/sprites/pokemon/other/official-artwork/732.png"
"733","Bazoucan","Toucannon","Normal","Vol","https://raw.githubusercontent.com/PokeAPI/sprites/master/sprites/pokemon/other/official-artwork/733.png"
"734","Manglouton","Yungoos","Normal","","https://raw.githubusercontent.com/PokeAPI/sprites/master/sprites/pokemon/other/official-artwork/734.png"
"735","Argouste","Gumshoos","Normal","","https://raw.githubusercontent.com/PokeAPI/sprites/master/sprites/pokemon/other/official-artwork/735.png"
"736","Larvibule","Grubbin","Insecte","","https://raw.githubusercontent.com/PokeAPI/sprites/master/sprites/pokemon/other/official-artwork/736.png"
"737","Chrysapile","Charjabug","Insecte","Électrik","https://raw.githubusercontent.com/PokeAPI/sprites/master/sprites/pokemon/other/official-artwork/737.png"
"738","Lucanon","Vikavolt","Insecte","Électrik","https://raw.githubusercontent.com/PokeAPI/sprites/master/sprites/pokemon/other/official-artwork/738.png"
"739","Crabagarre","Crabrawler","Combat","","https://raw.githubusercontent.com/PokeAPI/sprites/master/sprites/pokemon/other/official-artwork/739.png"
"740","Crabominable","Crabominable","Combat","Glace","https://raw.githubusercontent.com/PokeAPI/sprites/master/sprites/pokemon/other/official-artwork/740.png"
"741","Plumeline","Oricorio","Feu","Vol","https://raw.githubusercontent.com/PokeAPI/sprites/master/sprites/pokemon/other/official-artwork/741.png"
"742","Bombydou","Cutiefly","Insecte","Fée","https://raw.githubusercontent.com/PokeAPI/sprites/master/sprites/pokemon/other/official-artwork/742.png"
"743","Rubombelle","Ribombee","Insecte","Fée","https://raw.githubusercontent.com/PokeAPI/sprites/master/sprites/pokemon/other/official-artwork/743.png"
"744","Rocabot","Rockruff","Roche","","https://raw.githubusercontent.com/PokeAPI/sprites/master/sprites/pokemon/other/official-artwork/744.png"
"745","Lougaroc","Lycanroc","Roche","","https://raw.githubusercontent.com/PokeAPI/sprites/master/sprites/pokemon/other/official-artwork/745.png"
"746","Froussardine","Wishiwashi","Eau","","https://raw.githubusercontent.com/PokeAPI/sprites/master/sprites/pokemon/other/official-artwork/746.png"
"747","Vorastérie","Mareanie","Poison","Eau","https://raw.githubusercontent.com/PokeAPI/sprites/master/sprites/pokemon/other/official-artwork/747.png"
"748","Prédastérie","Toxapex","Poison","Eau","https://raw.githubusercontent.com/PokeAPI/sprites/master/sprites/pokemon/other/official-artwork/748.png"
"749","Tiboudet","Mudbray","Sol","","https://raw.githubusercontent.com/PokeAPI/sprites/master/sprites/pokemon/other/official-artwork/749.png"
"750","Bourrinos","Mudsdale","Sol","","https://raw.githubusercontent.com/PokeAPI/sprites/master/sprites/pokemon/other/official-artwork/750.png"
"751","Araqua","Dewpider","Eau","Insecte","https://raw.githubusercontent.com/PokeAPI/sprites/master/sprites/pokemon/other/official-artwork/751.png"
"752","Tarenbulle","Araquanid","Eau","Insecte","https://raw.githubusercontent.com/PokeAPI/sprites/master/sprites/pokemon/other/official-artwork/752.png"
"753","Mimantis","Fomantis","Plante","","https://raw.githubusercontent.com/PokeAPI/sprites/master/sprites/pokemon/other/official-artwork/753.png"
"754","Floramantis","Lurantis","Plante","","https://raw.githubusercontent.com/PokeAPI/sprites/master/sprites/pokemon/other/official-artwork/754.png"
"755","Spododo","Morelull","Plante","Fée","https://raw.githubusercontent.com/PokeAPI/sprites/master/sprites/pokemon/other/official-artwork/755.png"
"756","Lampignon","Shiinotic","Plante","Fée","https://raw.githubusercontent.com/PokeAPI/sprites/master/sprites/pokemon/other/official-artwork/756.png"
"757","Tritox","Salandit","Poison","Feu","https://raw.githubusercontent.com/PokeAPI/sprites/master/sprites/pokemon/other/official-artwork/757.png"
"758","Malamandre","Salazzle","Poison","Feu","https://raw.githubusercontent.com/PokeAPI/sprites/master/sprites/pokemon/other/official-artwork/758.png"
"759","Nounourson","Stufful","Normal","Combat","https://raw.githubusercontent.com/PokeAPI/sprites/master/sprites/pokemon/other/official-artwork/759.png"
"760","Chelours","Bewear","Normal","Combat","https://raw.githubusercontent.com/PokeAPI/sprites/master/sprites/pokemon/other/official-artwork/760.png"
"761","Croquine","Bounsweet","Plante","","https://raw.githubusercontent.com/PokeAPI/sprites/master/sprites/pokemon/other/official-artwork/761.png"
"762","Candine","Steenee","Plante","","https://raw.githubusercontent.com/PokeAPI/sprites/master/sprites/pokemon/other/official-artwork/762.png"
"763","Sucreine","Tsareena","Plante","","https://raw.githubusercontent.com/PokeAPI/sprites/master/sprites/pokemon/other/official-artwork/763.png"
"764","Guérilande","Comfey","Fée","","https://raw.githubusercontent.com/PokeAPI/sprites/master/sprites/pokemon/other/official-artwork/764.png"
"765","Gouroutan","Oranguru","Normal","Psy","https://raw.githubusercontent.com/PokeAPI/sprites/master/sprites/pokemon/other/official-artwork/765.png"
"766","Quartermac","Passimian","Combat","","https://raw.githubusercontent.com/PokeAPI/sprites/master/sprites/pokemon/other/official-artwork/766.png"
"767","Sovkipou","Wimpod","Insecte","Eau","https://raw.githubusercontent.com/PokeAPI/sprites/master/sprites/pokemon/other/official-artwork/767.png"
"768","Sarmuraï","Golisopod","Insecte","Eau","https://raw.githubusercontent.com/PokeAPI/sprites/master/sprites/pokemon/other/official-artwork/768.png"
"769","Bacabouh","Sandygast","Spectre","Sol","https://raw.githubusercontent.com/PokeAPI/sprites/master/sprites/pokemon/other/official-artwork/769.png"
"770","Trépassable","Palossand","Spectre","Sol","https://raw.githubusercontent.com/PokeAPI/sprites/master/sprites/pokemon/other/official-artwork/770.png"
"771","Concombaffe","Pyukumuku","Eau","","https://raw.githubusercontent.com/PokeAPI/sprites/master/sprites/pokemon/other/official-artwork/771.png"
"772","Type:0","Type: Null","Normal","","https://raw.githubusercontent.com/PokeAPI/sprites/master/sprites/pokemon/other/official-artwork/772.png"
"773","Silvallié","Silvally","Normal","","https://raw.githubusercontent.com/PokeAPI/sprites/master/sprites/pokemon/other/official-artwork/773.png"
"774","Météno","Minior","Roche","Vol","https://raw.githubusercontent.com/PokeAPI/sprites/master/sprites/pokemon/other/official-artwork/774.png"
"775","Dodoala","Komala","Normal","","https://raw.githubusercontent.com/PokeAPI/sprites/master/sprites/pokemon/other/official-artwork/775.png"
"776","Boumata","Turtonator","Feu","Dragon","https://raw.githubusercontent.com/PokeAPI/sprites/master/sprites/pokemon/other/official-artwork/776.png"
"777","Togedemaru","Togedemaru","Électrik","Acier","https://raw.githubusercontent.com/PokeAPI/sprites/master/sprites/pokemon/other/official-artwork/777.png"
"778","Mimiqui","Mimikyu","Spectre","Fée","https://raw.githubusercontent.com/PokeAPI/sprites/master/sprites/pokemon/other/official-artwork/778.png"
"779","Denticrisse","Bruxish","Eau","Psy","https://raw.githubusercontent.com/PokeAPI/sprites/master/sprites/pokemon/other/official-artwork/779.png"
"780","Draïeul","Drampa","Normal","Dragon","https://raw.githubusercontent.com/PokeAPI/sprites/master/sprites/pokemon/other/official-artwork/780.png"
"781","Sinistrail","Dhelmise","Spectre","Plante","https://raw.githubusercontent.com/PokeAPI/sprites/master/sprites/pokemon/other/official-artwork/781.png"
"782","Bébécaille","Jangmo-o","Dragon","","https://raw.githubusercontent.com/PokeAPI/sprites/master/sprites/pokemon/other/official-artwork/782.png"
"783","Écaïd","Hakamo-o","Dragon","Combat","https://raw.githubusercontent.com/PokeAPI/sprites/master/sprites/pokemon/other/official-artwork/783.png"
"784","Ékaïser","Kommo-o","Dragon","Combat","https://raw.githubusercontent.com/PokeAPI/sprites/master/sprites/pokemon/other/official-artwork/784.png"
"785","Tokorico","Tapu Koko","Électrik","Fée","https://raw.githubusercontent.com/PokeAPI/sprites/master/sprites/pokemon/other/official-artwork/785.png"
"786","Tokopiyon","Tapu Lele","Psy","Fée","https://raw.githubusercontent.com/PokeAPI/sprites/master/sprites/pokemon/other/official-artwork/786.png"
"787","Tokotoro","Tapu Bulu","Plante","Fée","https://raw.githubusercontent.com/PokeAPI/sprites/master/sprites/pokemon/other/official-artwork/787.png"
"788","Tokopisco","Tapu Fini","Eau","Fée","https://raw.githubusercontent.com/PokeAPI/sprites/master/sprites/pokemon/other/official-artwork/788.png"
"789","Cosmog","Cosmog","Psy","","https://raw.githubusercontent.com/PokeAPI/sprites/master/sprites/pokemon/other/official-artwork/789.png"
"790","Cosmovum","Cosmoem","Psy","","https://raw.githubusercontent.com/PokeAPI/sprites/master/sprites/pokemon/other/official-artwork/790.png"
"791","Solgaleo","Solgaleo","Psy","Acier","https://raw.githubusercontent.com/PokeAPI/sprites/master/sprites/pokemon/other/official-artwork/791.png"
"792","Lunala","Lunala","Psy","Spectre","https://raw.githubusercontent.com/PokeAPI/sprites/master/sprites/pokemon/other/official-artwork/792.png"
"793","Zéroïd","Nihilego","Roche","Poison","https://raw.githubusercontent.com/PokeAPI/sprites/master/sprites/pokemon/other/official-artwork/793.png"
"794","Mouscoto","Buzzwole","Insecte","Combat","https://raw.githubusercontent.com/PokeAPI/sprites/master/sprites/pokemon/other/official-artwork/794.png"
"795","Cancrelove","Pheromosa","Insecte","Combat","https://raw.githubusercontent.com/PokeAPI/sprites/master/sprites/pokemon/other/official-artwork/795.png"
"796","Câblifère","Xurkitree","Électrik","","https://raw.githubusercontent.com/PokeAPI/sprites/master/sprites/pokemon/other/official-artwork/796.png"
"797","Bamboiselle","Celesteela","Acier","Vol","https://raw.githubusercontent.com/PokeAPI/sprites/master/sprites/pokemon/other/official-artwork/797.png"
"798","Katagami","Kartana","Plante","Acier","https://raw.githubusercontent.com/PokeAPI/sprites/master/sprites/pokemon/other/official-artwork/798.png"
"799","Engloutyran","Guzzlord","Ténèbres","Dragon","https://raw.githubusercontent.com/PokeAPI/sprites/master/sprites/pokemon/other/official-artwork/799.png"
"800","Necrozma","Necrozma","Psy","","https://raw.githubusercontent.com/PokeAPI/sprites/master/sprites/pokemon/other/official-artwork/800.png"
"801","Magearna","Magearna","Acier","Fée","https://raw.githubusercontent.com/PokeAPI/sprites/master/sprites/pokemon/other/official-artwork/801.png"
"802","Marshadow","Marshadow","Combat","Spectre","https://raw.githubusercontent.com/PokeAPI/sprites/master/sprites/pokemon/other/official-artwork/802.png"
"803","Vémini","Poipole","Poison","","https://raw.githubusercontent.com/PokeAPI/sprites/master/sprites/pokemon/other/official-artwork/803.png"
"804","Mandrillon","Naganadel","Poison","Dragon","https://raw.githubusercontent.com/PokeAPI/sprites/master/sprites/pokemon/other/official-artwork/804.png"
"805","Ama-Ama","Stakataka","Roche","Acier","https://raw.githubusercontent.com/PokeAPI/sprites/master/sprites/pokemon/other/official-artwork/805.png"
"806","Pierroteknik","Blacephalon","Feu","Spectre","https://raw.githubusercontent.com/PokeAPI/sprites/master/sprites/pokemon/other/official-artwork/806.png"
"807","Zeraora","Zeraora","Électrik","","https://raw.githubusercontent.com/PokeAPI/sprites/master/sprites/pokemon/other/official-artwork/807.png"
"808","Meltan","Meltan","Acier","","https://raw.githubusercontent.com/PokeAPI/sprites/master/sprites/pokemon/other/official-artwork/808.png"
"809","Melmetal","Melmetal","Acier","","https://raw.githubusercontent.com/PokeAPI/sprites/master/sprites/pokemon/other/official-artwork/809.png"
"810","Ouistempo","Grookey","Plante","","https://raw.githubusercontent.com/PokeAPI/sprites/master/sprites/pokemon/other/official-artwork/810.png"
"811","Badabouin","Thwackey","Plante","","https://raw.githubusercontent.com/PokeAPI/sprites/master/sprites/pokemon/other/official-artwork/811.png"
"812","Gorythmic","Rillaboom","Plante","","https://raw.githubusercontent.com/PokeAPI/sprites/master/sprites/pokemon/other/official-artwork/812.png"
"813","Flambino","Scorbunny","Feu","","https://raw.githubusercontent.com/PokeAPI/sprites/master/sprites/pokemon/other/official-artwork/813.png"
"814","Lapyro","Raboot","Feu","","https://raw.githubusercontent.com/PokeAPI/sprites/master/sprites/pokemon/other/official-artwork/814.png"
"815","Pyrobut","Cinderace","Feu","","https://raw.githubusercontent.com/PokeAPI/sprites/master/sprites/pokemon/other/official-artwork/815.png"
"816","Larméléon","Sobble","Eau","","https://raw.githubusercontent.com/PokeAPI/sprites/master/sprites/pokemon/other/official-artwork/816.png"
"817","Arrozard","Drizzile","Eau","","https://raw.githubusercontent.com/PokeAPI/sprites/master/sprites/pokemon/other/official-artwork/817.png"
"818","Lézargus","Inteleon","Eau","","https://raw.githubusercontent.com/PokeAPI/sprites/master/sprites/pokemon/other/official-artwork/818.png"
"819","Rongourmand","Skwovet","Normal","","https://raw.githubusercontent.com/PokeAPI/sprites/master/sprites/pokemon/other/official-artwork/819.png"
"820","Rongrigou","Greedent","Normal","","https://raw.githubusercontent.com/PokeAPI/sprites/master/sprites/pokemon/other/official-artwork/820.png"
"821","Minisange","Rookidee","Vol","","https://raw.githubusercontent.com/PokeAPI/sprites/master/sprites/pokemon/other/official-artwork/821.png"
"822","Bleuseille","Corvisquire","Vol","","https://raw.githubusercontent.com/PokeAPI/sprites/master/sprites/pokemon/other/official-artwork/822.png"
"823","Corvaillus","Corviknight","Vol","Acier","https://raw.githubusercontent.com/PokeAPI/sprites/master/sprites/pokemon/other/official-artwork/823.png"
"824","Larvadar","Blipbug","Insecte","","https://raw.githubusercontent.com/PokeAPI/sprites/master/sprites/pokemon/other/official-artwork/824.png"
"825","Coléodôme","Dottler","Insecte","Psy","https://raw.githubusercontent.com/PokeAPI/sprites/master/sprites/pokemon/other/official-artwork/825.png"
"826","Astronelle","Orbeetle","Insecte","Psy","https://raw.githubusercontent.com/PokeAPI/sprites/master/sprites/pokemon/other/official-artwork/826.png"
"827","Goupilou","Nickit","Ténèbres","","https://raw.githubusercontent.com/PokeAPI/sprites/master/sprites/pokemon/other/official-artwork/827.png"
"828","Roublenard","Thievul","Ténèbres","","https://raw.githubusercontent.com/PokeAPI/sprites/master/sprites/pokemon/other/official-artwork/828.png"
"829","Tournicoton","Gossifleur","Plante","","https://raw.githubusercontent.com/PokeAPI/sprites/master/sprites/pokemon/other/official-artwork/829.png"
"830","Blancoton","Eldegoss","Plante","","https://raw.githubusercontent.com/PokeAPI/sprites/master/sprites/pokemon/other/official-artwork/830.png"
"831","Moumouton","Wooloo","Normal","","https://raw.githubusercontent.com/PokeAPI/sprites/master/sprites/pokemon/other/official-artwork/831.png"
"832","Moumouflon","Dubwool","Normal","","https://raw.githubusercontent.com/PokeAPI/sprites/master/sprites/pokemon/other/official-artwork/832.png"
"833","Khélocrok","Chewtle","Eau","","https://raw.githubusercontent.com/PokeAPI/sprites/master/sprites/pokemon/other/official-artwork/833.png"
"834","Torgamord","Drednaw","Eau","Roche","https://raw.githubusercontent.com/PokeAPI/sprites/master/sprites/pokemon/other/official-artwork/834.png"
"835","Voltoutou","Yamper","Électrik","","https://raw.githubusercontent.com/PokeAPI/sprites/master/sprites/pokemon/other/official-artwork/835.png"
"836","Fulgudog","Boltund","Électrik","","https://raw.githubusercontent.com/PokeAPI/sprites/master/sprites/pokemon/other/official-artwork/836.png"
"837","Charbi","Rolycoly","Roche","","https://raw.githubusercontent.com/PokeAPI/sprites/master/sprites/pokemon/other/official-artwork/837.png"
"838","Wagomine","Carkol","Roche","Feu","https://raw.githubusercontent.com/PokeAPI/sprites/master/sprites/pokemon/other/official-artwork/838.png"
"839","Monthracite","Coalossal","Roche","Feu","https://raw.githubusercontent.com/PokeAPI/sprites/master/sprites/pokemon/other/official-artwork/839.png"
"840","Verpom","Applin","Plante","Dragon","https://raw.githubusercontent.com/PokeAPI/sprites/master/sprites/pokemon/other/official-artwork/840.png"
"841","Pomdrapi","Flapple","Plante","Dragon","https://raw.githubusercontent.com/PokeAPI/sprites/master/sprites/pokemon/other/official-artwork/841.png"
"842","Dratatin","Appletun","Plante","Dragon","https://raw.githubusercontent.com/PokeAPI/sprites/master/sprites/pokemon/other/official-artwork/842.png"
"843","Dunaja","Silicobra","Sol","","https://raw.githubusercontent.com/PokeAPI/sprites/master/sprites/pokemon/other/official-artwork/843.png"
"844","Dunaconda","Sandaconda","Sol","","https://raw.githubusercontent.com/PokeAPI/sprites/master/sprites/pokemon/other/official-artwork/844.png"
"845","Nigosier","Cramorant","Vol","Eau","https://raw.githubusercontent.com/PokeAPI/sprites/master/sprites/pokemon/other/official-artwork/845.png"
"846","Embrochet","Arrokuda","Eau","","https://raw.githubusercontent.com/PokeAPI/sprites/master/sprites/pokemon/other/official-artwork/846.png"
"847","Hastacuda","Barraskewda","Eau","","https://raw.githubusercontent.com/PokeAPI/sprites/master/sprites/pokemon/other/official-artwork/847.png"
"848","Toxizap","Toxel","Électrik","Poison","https://raw.githubusercontent.com/PokeAPI/sprites/master/sprites/pokemon/other/official-artwork/848.png"
"849","Salarsen","Toxtricity","Électrik","Poison","https://raw.githubusercontent.com/PokeAPI/sprites/master/sprites/pokemon/other/official-artwork/849.png"
"850","Grillepattes","Sizzlipede","Feu","Insecte","https://raw.githubusercontent.com/PokeAPI/sprites/master/sprites/pokemon/other/official-artwork/850.png"
"851","Scolocendre","Centiskorch","Feu","Insecte","https://raw.githubusercontent.com/PokeAPI/sprites/master/sprites/pokemon/other/official-artwork/851.png"
"852","Poulpaf","Clobbopus","Combat","","https://raw.githubusercontent.com/PokeAPI/sprites/master/sprites/pokemon/other/official-artwork/852.png"
"853","Krakos","Grapploct","Combat","","https://raw.githubusercontent.com/PokeAPI/sprites/master/sprites/pokemon/other/official-artwork/853.png"
"854","Théffroi","Sinistea","Spectre","","https://raw.githubusercontent.com/PokeAPI/sprites/master/sprites/pokemon/other/official-artwork/854.png"
"855","Polthégeist","Polteageist","Spectre","","https://raw.githubusercontent.com/PokeAPI/sprites/master/sprites/pokemon/other/official-artwork/855.png"
"856","Bibichut","Hatenna","Psy","","https://raw.githubusercontent.com/PokeAPI/sprites/master/sprites/pokemon/other/official-artwork/856.png"
"857","Chapotus","Hattrem","Psy","","https://raw.githubusercontent.com/PokeAPI/sprites/master/sprites/pokemon/other/official-artwork/857.png"
"858","Sorcilence","Hatterene","Psy","Fée","https://raw.githubusercontent.com/PokeAPI/sprites/master/sprites/pokemon/other/official-artwork/858.png"
"859","Grimalin","Impidimp","Ténèbres","Fée","https://raw.githubusercontent.com/PokeAPI/sprites/master/sprites/pokemon/other/official-artwork/859.png"
"860","Fourbelin","Morgrem","Ténèbres","Fée","https://raw.githubusercontent.com/PokeAPI/sprites/master/sprites/pokemon/other/official-artwork/860.png"
"861","Angoliath","Grimmsnarl","Ténèbres","Fée","https://raw.githubusercontent.com/PokeAPI/sprites/master/sprites/pokemon/other/official-artwork/861.png"
"862","Ixon","Obstagoon","Ténèbres","Normal","https://raw.githubusercontent.com/PokeAPI/sprites/master/sprites/pokemon/other/official-artwork/862.png"
"863","Berserkatt","Perrserker","Acier","","https://raw.githubusercontent.com/PokeAPI/sprites/master/sprites/pokemon/other/official-artwork/863.png"
"864","Corayôme","Cursola","Spectre","","https://raw.githubusercontent.com/PokeAPI/sprites/master/sprites/pokemon/other/official-artwork/864.png"
"865","Palarticho","Sirfetch’d","Combat","","https://raw.githubusercontent.com/PokeAPI/sprites/master/sprites/pokemon/other/official-artwork/865.png"
"866","M. Glaquette","Mr. Rime","Glace","Psy","https://raw.githubusercontent.com/PokeAPI/sprites/master/sprites/pokemon/other/official-artwork/866.png"
"867","Tutétékri","Runerigus","Sol","Spectre","https://raw.githubusercontent.com/PokeAPI/sprites/master/sprites/pokemon/other/official-artwork/867.png"
"868","Crèmy","Milcery","Fée","","https://raw.githubusercontent.com/PokeAPI/sprites/master/sprites/pokemon/other/official-artwork/868.png"
"869","Charmilly","Alcremie","Fée","","https://raw.githubusercontent.com/PokeAPI/sprites/master/sprites/pokemon/other/official-artwork/869.png"
"870","Hexadron","Falinks","Combat","","https://raw.githubusercontent.com/PokeAPI/sprites/master/sprites/pokemon/other/official-artwork/870.png"
"871","Wattapik","Pincurchin","Électrik","","https://raw.githubusercontent.com/PokeAPI/sprites/master/sprites/pokemon/other/official-artwork/871.png"
"872","Frissonille","Snom","Glace","Insecte","https://raw.githubusercontent.com/PokeAPI/sprites/master/sprites/pokemon/other/official-artwork/872.png"
"873","Beldeneige","Frosmoth","Glace","Insecte","https://raw.githubusercontent.com/PokeAPI/sprites/master/sprites/pokemon/other/official-artwork/873.png"
"874","Dolman","Stonjourner","Roche","","https://raw.githubusercontent.com/PokeAPI/sprites/master/sprites/pokemon/other/official-artwork/874.png"
"875","Bekaglaçon","Eiscue","Glace","","https://raw.githubusercontent.com/PokeAPI/sprites/master/sprites/pokemon/other/official-artwork/875.png"
"876","Wimessir","Indeedee","Psy","Normal","https://raw.githubusercontent.com/PokeAPI/sprites/master/sprites/pokemon/other/official-artwork/876.png"
"877","Morpeko","Morpeko","Électrik","Ténèbres","https://raw.githubusercontent.com/PokeAPI/sprites/master/sprites/pokemon/other/official-artwork/877.png"
"878","Charibari","Cufant","Acier","","https://raw.githubusercontent.com/PokeAPI/sprites/master/sprites/pokemon/other/official-artwork/878.png"
"879","Pachyradjah","Copperajah","Acier","","https://raw.githubusercontent.com/PokeAPI/sprites/master/sprites/pokemon/other/official-artwork/879.png"
"880","Galvagon","Dracozolt","Électrik","Dragon","https://raw.githubusercontent.com/PokeAPI/sprites/master/sprites/pokemon/other/official-artwork/880.png"
"881","Galvagla","Arctozolt","Électrik","Glace","https://raw.githubusercontent.com/PokeAPI/sprites/master/sprites/pokemon/other/official-artwork/881.png"
"882","Hydragon","Dracovish","Eau","Dragon","https://raw.githubusercontent.com/PokeAPI/sprites/master/sprites/pokemon/other/official-artwork/882.png"
"883","Hydragla","Arctovish","Eau","Glace","https://raw.githubusercontent.com/PokeAPI/sprites/master/sprites/pokemon/other/official-artwork/883.png"
"884","Duralugon","Duraludon","Acier","Dragon","https://raw.githubusercontent.com/PokeAPI/sprites/master/sprites/pokemon/other/official-artwork/884.png"
"885","Fantyrm","Dreepy","Dragon","Spectre","https://raw.githubusercontent.com/PokeAPI/sprites/master/sprites/pokemon/other/official-artwork/885.png"
"886","Dispareptil","Drakloak","Dragon","Spectre","https://raw.githubusercontent.com/PokeAPI/sprites/master/sprites/pokemon/other/official-artwork/886.png"
"887","Lanssorien","Dragapult","Dragon","Spectre","https://raw.githubusercontent.com/PokeAPI/sprites/master/sprites/pokemon/other/official-artwork/887.png"
"888","Zacian","Zacian","Fée","","https://raw.githubusercontent.com/PokeAPI/sprites/master/sprites/pokemon/other/official-artwork/888.png"
"889","Zamazenta","Zamazenta","Combat","","https://raw.githubusercontent.com/PokeAPI/sprites/master/sprites/pokemon/other/official-artwork/889.png"
"890","Éthernatos","Eternatus","Poison","Dragon","https://raw.githubusercontent.com/PokeAPI/sprites/master/sprites/pokemon/other/official-artwork/890.png"
"891","Wushours","Kubfu","Combat","","https://raw.githubusercontent.com/PokeAPI/sprites/master/sprites/pokemon/other/official-artwork/891.png"
"892","Shifours","Urshifu","Combat","Ténèbres","https://raw.githubusercontent.com/PokeAPI/sprites/master/sprites/pokemon/other/official-artwork/892.png"
"893","Zarude","Zarude","Ténèbres","Plante","https://raw.githubusercontent.com/PokeAPI/sprites/master/sprites/pokemon/other/official-artwork/893.png"
"894","Regieleki","Regieleki","Électrik","","https://raw.githubusercontent.com/PokeAPI/sprites/master/sprites/pokemon/other/official-artwork/894.png"
"895","Regidrago","Regidrago","Dragon","","https://raw.githubusercontent.com/PokeAPI/sprites/master/sprites/pokemon/other/official-artwork/895.png"
"896","Blizzeval","Glastrier","Glace","","https://raw.githubusercontent.com/PokeAPI/sprites/master/sprites/pokemon/other/official-artwork/896.png"
"897","Spectreval","Spectrier","Spectre","","https://raw.githubusercontent.com/PokeAPI/sprites/master/sprites/pokemon/other/official-artwork/897.png"
"898","Sylveroy","Calyrex","Psy","Plante","https://raw.githubusercontent.com/PokeAPI/sprites/master/sprites/pokemon/other/official-artwork/898.png"
"899","Cerbyllin","Wyrdeer","Normal","Psy","https://raw.githubusercontent.com/PokeAPI/sprites/master/sprites/pokemon/other/official-artwork/899.png"
"900","Hachécateur","Kleavor","Insecte","Roche","https://raw.githubusercontent.com/PokeAPI/sprites/master/sprites/pokemon/other/official-artwork/900.png"
"901","Ursaking","Ursaluna","Sol","Normal","https://raw.githubusercontent.com/PokeAPI/sprites/master/sprites/pokemon/other/official-artwork/901.png"
"902","Paragruel","Basculegion","Eau","Spectre","https://raw.githubusercontent.com/PokeAPI/sprites/master/sprites/pokemon/other/official-artwork/902.png"
"903","Farfurex","Sneasler","Combat","Poison","https://raw.githubusercontent.com/PokeAPI/sprites/master/sprites/pokemon/other/official-artwork/903.png"
"904","Qwilpik","Overqwil","Ténèbres","Poison","https://raw.githubusercontent.com/PokeAPI/sprites/master/sprites/pokemon/other/official-artwork/904.png"
"905","Amovénus","Enamorus","Fée","Vol","https://raw.githubusercontent.com/PokeAPI/sprites/master/sprites/pokemon/other/official-artwork/905.png"
"906","Poussacha","Sprigatito","Plante","","https://raw.githubusercontent.com/PokeAPI/sprites/master/sprites/pokemon/other/official-artwork/906.png"
"907","Matourgeon","Floragato","Plante","","https://raw.githubusercontent.com/PokeAPI/sprites/master/sprites/pokemon/other/official-artwork/907.png"
"908","Miascarade","Meowscarada","Plante","Ténèbres","https://raw.githubusercontent.com/PokeAPI/sprites/master/sprites/pokemon/other/official-artwork/908.png"
"909","Chochodile","Fuecoco","Feu","","https://raw.githubusercontent.com/PokeAPI/sprites/master/sprites/pokemon/other/official-artwork/909.png"
"910","Crocogril","Crocalor","Feu","","https://raw.githubusercontent.com/PokeAPI/sprites/master/sprites/pokemon/other/official-artwork/910.png"
"911","Flâmigator","Skeledirge","Feu","Spectre","https://raw.githubusercontent.com/PokeAPI/sprites/master/sprites/pokemon/other/official-artwork/911.png"
"912","Coiffeton","Quaxly","Eau","","https://raw.githubusercontent.com/PokeAPI/sprites/master/sprites/pokemon/other/official-artwork/912.png"
"913","Canarbello","Quaxwell","Eau","","https://raw.githubusercontent.com/PokeAPI/sprites/master/sprites/pokemon/other/official-artwork/913.png"
"914","Palmaval","Quaquaval","Eau","Combat","https://raw.githubusercontent.com/PokeAPI/sprites/master/sprites/pokemon/other/official-artwork/914.png"
"915","Gourmelet","Lechonk","Normal","","https://raw.githubusercontent.com/PokeAPI/sprites/master/sprites/pokemon/other/official-artwork/915.png"
"916","Fragroin","Oinkologne","Normal","","https://raw.githubusercontent.com/PokeAPI/sprites/master/sprites/pokemon/other/official-artwork/916.png"
"917","Tissenboule","Tarountula","Insecte","","https://raw.githubusercontent.com/PokeAPI/sprites/master/sprites/pokemon/other/official-artwork/917.png"
"918","Filentrappe","Spidops","Insecte","","https://raw.githubusercontent.com/PokeAPI/sprites/master/sprites/pokemon/other/official-artwork/918.png"
"919","Lilliterelle","Nymble","Insecte","","https://raw.githubusercontent.com/PokeAPI/sprites/master/sprites/pokemon/other/official-artwork/919.png"
"920","Gambex","Lokix","Insecte","Ténèbres","https://raw.githubusercontent.com/PokeAPI/sprites/master/sprites/pokemon/other/official-artwork/920.png"
"921","Pohm","Pawmi","Électrik","","https://raw.githubusercontent.com/PokeAPI/sprites/master/sprites/pokemon/other/official-artwork/921.png"
"922","Pohmotte","Pawmo","Électrik","Combat","https://raw.githubusercontent.com/PokeAPI/sprites/master/sprites/pokemon/other/official-artwork/922.png"
"923","Pohmarmotte","Pawmot","Électrik","Combat","https://raw.githubusercontent.com/PokeAPI/sprites/master/sprites/pokemon/other/official-artwork/923.png"
"924","Compagnol","Tandemaus","Normal","","https://raw.githubusercontent.com/PokeAPI/sprites/master/sprites/pokemon/other/official-artwork/924.png"
"925","Famignol","Maushold","Normal","","https://raw.githubusercontent.com/PokeAPI/sprites/master/sprites/pokemon/other/official-artwork/925.png"
"926","Pâtachiot","Fidough","Fée","","https://raw.githubusercontent.com/PokeAPI/sprites/master/sprites/pokemon/other/official-artwork/926.png"
"927","Briochien","Dachsbun","Fée","","https://raw.githubusercontent.com/PokeAPI/sprites/master/sprites/pokemon/other/official-artwork/927.png"
"928","Olivini","Smoliv","Plante","Normal","https://raw.githubusercontent.com/PokeAPI/sprites/master/sprites/pokemon/other/official-artwork/928.png"
"929","Olivado","Dolliv","Plante","Normal","https://raw.githubusercontent.com/PokeAPI/sprites/master/sprites/pokemon/other/official-artwork/929.png"
"930","Arboliva","Arboliva","Plante","Normal","https://raw.githubusercontent.com/PokeAPI/sprites/master/sprites/pokemon/other/official-artwork/930.png"
"931","Tapatoès","Squawkabilly","Normal","Vol","https://raw.githubusercontent.com/PokeAPI/sprites/master/sprites/pokemon/other/official-artwork/931.png"
"932","Selutin","Nacli","Roche","","https://raw.githubusercontent.com/PokeAPI/sprites/master/sprites/pokemon/other/official-artwork/932.png"
"933","Amassel","Naclstack","Roche","","https://raw.githubusercontent.com/PokeAPI/sprites/master/sprites/pokemon/other/official-artwork/933.png"
"934","Gigansel","Garganacl","Roche","","https://raw.githubusercontent.com/PokeAPI/sprites/master/sprites/pokemon/other/official-artwork/934.png"
"935","Charbambin","Charcadet","Feu","","https://raw.githubusercontent.com/PokeAPI/sprites/master/sprites/pokemon/other/official-artwork/935.png"
"936","Carmadura","Armarouge","Feu","Psy","https://raw.githubusercontent.com/PokeAPI/sprites/master/sprites/pokemon/other/official-artwork/936.png"
"937","Malvalame","Ceruledge","Feu","Spectre","https://raw.githubusercontent.com/PokeAPI/sprites/master/sprites/pokemon/other/official-artwork/937.png"
"938","Têtampoule","Tadbulb","Électrik","","https://raw.githubusercontent.com/PokeAPI/sprites/master/sprites/pokemon/other/official-artwork/938.png"
"939","Ampibidou","Bellibolt","Électrik","","https://raw.githubusercontent.com/PokeAPI/sprites/master/sprites/pokemon/other/official-artwork/939.png"
"940","Zapétrel","Wattrel","Électrik","Vol","https://raw.githubusercontent.com/PokeAPI/sprites/master/sprites/pokemon/other/official-artwork/940.png"
"941","Fulgulairo","Kilowattrel","Électrik","Vol","https://raw.githubusercontent.com/PokeAPI/sprites/master/sprites/pokemon/other/official-artwork/941.png"
"942","Grondogue","Maschiff","Ténèbres","","https://raw.githubusercontent.com/PokeAPI/sprites/master/sprites/pokemon/other/official-artwork/942.png"
"943","Dogrino","Mabosstiff","Ténèbres","","https://raw.githubusercontent.com/PokeAPI/sprites/master/sprites/pokemon/other/official-artwork/943.png"
"944","Gribouraigne","Shroodle","Poison","Normal","https://raw.githubusercontent.com/PokeAPI/sprites/master/sprites/pokemon/other/official-artwork/944.png"
"945","Tag-Tag","Grafaiai","Poison","Normal","https://raw.githubusercontent.com/PokeAPI/sprites/master/sprites/pokemon/other/official-artwork/945.png"
"946","Virovent","Bramblin","Plante","Spectre","https://raw.githubusercontent.com/PokeAPI/sprites/master/sprites/pokemon/other/official-artwork/946.png"
"947","Virevorreur","Brambleghast","Plante","Spectre","https://raw.githubusercontent.com/PokeAPI/sprites/master/sprites/pokemon/other/official-artwork/947.png"
"948","Terracool","Toedscool","Sol","Plante","https://raw.githubusercontent.com/PokeAPI/sprites/master/sprites/pokemon/other/official-artwork/948.png"
"949","Terracruel","Toedscruel","Sol","Plante","https://raw.githubusercontent.com/PokeAPI/sprites/master/sprites/pokemon/other/official-artwork/949.png"
"950","Craparoi","Klawf","Roche","","https://raw.githubusercontent.com/PokeAPI/sprites/master/sprites/pokemon/other/official-artwork/950.png"
"951","Pimito","Capsakid","Plante","","https://raw.githubusercontent.com/PokeAPI/sprites/master/sprites/pokemon/other/official-artwork/951.png"
"952","Scovilain","Scovillain","Plante","Feu","https://raw.githubusercontent.com/PokeAPI/sprites/master/sprites/pokemon/other/official-artwork/952.png"
"953","Léboulérou","Rellor","Insecte","","https://raw.githubusercontent.com/PokeAPI/sprites/master/sprites/pokemon/other/official-artwork/953.png"
"954","Bérasca","Rabsca","Insecte","Psy","https://raw.githubusercontent.com/PokeAPI/sprites/master/sprites/pokemon/other/official-artwork/954.png"
"955","Flotillon","Flittle","Psy","","https://raw.githubusercontent.com/PokeAPI/sprites/master/sprites/pokemon/other/official-artwork/955.png"
"956","Cléopsytra","Espathra","Psy","","https://raw.githubusercontent.com/PokeAPI/sprites/master/sprites/pokemon/other/official-artwork/956.png"
"957","Forgerette","Tinkatink","Fée","Acier","https://raw.githubusercontent.com/PokeAPI/sprites/master/sprites/pokemon/other/official-artwork/957.png"
"958","Forgella","Tinkatuff","Fée","Acier","https://raw.githubusercontent.com/PokeAPI/sprites/master/sprites/pokemon/other/official-artwork/958.png"
"959","Forgelina","Tinkaton","Fée","Acier","https://raw.githubusercontent.com/PokeAPI/sprites/master/sprites/pokemon/other/official-artwork/959.png"
"960","Taupikeau","Wiglett","Eau","","https://raw.githubusercontent.com/PokeAPI/sprites/master/sprites/pokemon/other/official-artwork/960.png"
"961","Triopikeau","Wugtrio","Eau","","https://raw.githubusercontent.com/PokeAPI/sprites/master/sprites/pokemon/other/official-artwork/961.png"
"962","Lestombaile","Bombirdier","Vol","Ténèbres","https://raw.githubusercontent.com/PokeAPI/sprites/master/sprites/pokemon/other/official-artwork/962.png"
"963","Dofin","Finizen","Eau","","https://raw.githubusercontent.com/PokeAPI/sprites/master/sprites/pokemon/other/official-artwork/963.png"
"964","Superdofin","Palafin","Eau","","https://raw.githubusercontent.com/PokeAPI/sprites/master/sprites/pokemon/other/official-artwork/964.png"
"965","Vrombi","Varoom","Acier","Poison","https://raw.githubusercontent.com/PokeAPI/sprites/master/sprites/pokemon/other/official-artwork/965.png"
"966","Vrombotor","Revavroom","Acier","Poison","https://raw.githubusercontent.com/PokeAPI/sprites/master/sprites/pokemon/other/official-artwork/966.png"
"967","Motorizard","Cyclizar","Dragon","Normal","https://raw.githubusercontent.com/PokeAPI/sprites/master/sprites/pokemon/other/official-artwork/967.png"
"968","Ferdeter","Orthworm","Acier","","https://raw.githubusercontent.com/PokeAPI/sprites/master/sprites/pokemon/other/official-artwork/968.png"
"969","Germéclat","Glimmet","Roche","Poison","https://raw.githubusercontent.com/PokeAPI/sprites/master/sprites/pokemon/other/official-artwork/969.png"
"970","Floréclat","Glimmora","Roche","Poison","https://raw.githubusercontent.com/PokeAPI/sprites/master/sprites/pokemon/other/official-artwork/970.png"
"971","Toutombe","Greavard","Spectre","","https://raw.githubusercontent.com/PokeAPI/sprites/master/sprites/pokemon/other/official-artwork/971.png"
"972","Tomberro","Houndstone","Spectre","","https://raw.githubusercontent.com/PokeAPI/sprites/master/sprites/pokemon/other/official-artwork/972.png"
"973","Flamenroule","Flamigo","Vol","Combat","https://raw.githubusercontent.com/PokeAPI/sprites/master/sprites/pokemon/other/official-artwork/973.png"
"974","Piétacé","Cetoddle","Glace","","https://raw.githubusercontent.com/PokeAPI/sprites/master/sprites/pokemon/other/official-artwork/974.png"
"975","Balbalèze","Cetitan","Glace","","https://raw.githubusercontent.com/PokeAPI/sprites/master/sprites/pokemon/other/official-artwork/975.png"
"976","Délestin","Veluza","Eau","Psy","https://raw.githubusercontent.com/PokeAPI/sprites/master/sprites/pokemon/other/official-artwork/976.png"
"977","Oyacata","Dondozo","Eau","","https://raw.githubusercontent.com/PokeAPI/sprites/master/sprites/pokemon/other/official-artwork/977.png"
"978","Nigirigon","Tatsugiri","Dragon","Eau","https://raw.githubusercontent.com/PokeAPI/sprites/master/sprites/pokemon/other/official-artwork/978.png"
"979","Courrousinge","Annihilape","Combat","Spectre","https://raw.githubusercontent.com/PokeAPI/sprites/master/sprites/pokemon/other/official-artwork/979.png"
"980","Terraiste","Clodsire","Poison","Sol","https://raw.githubusercontent.com/PokeAPI/sprites/master/sprites/pokemon/other/official-artwork/980.png"
"981","Farigiraf","Farigiraf","Normal","Psy","https://raw.githubusercontent.com/PokeAPI/sprites/master/sprites/pokemon/other/official-artwork/981.png"
"982","Deusolourdo","Dudunsparce","Normal","","https://raw.githubusercontent.com/PokeAPI/sprites/master/sprites/pokemon/other/official-artwork/982.png"
"983","Scalpereur","Kingambit","Ténèbres","Acier","https://raw.githubusercontent.com/PokeAPI/sprites/master/sprites/pokemon/other/official-artwork/983.png"
"984","Fort-Ivoire","Great Tusk","Sol","Combat","https://raw.githubusercontent.com/PokeAPI/sprites/master/sprites/pokemon/other/official-artwork/984.png"
"985","Hurle-Queue","Scream Tail","Fée","Psy","https://raw.githubusercontent.com/PokeAPI/sprites/master/sprites/pokemon/other/official-artwork/985.png"
"986","Fongus-Furie","Brute Bonnet","Plante","Ténèbres","https://raw.githubusercontent.com/PokeAPI/sprites/master/sprites/pokemon/other/official-artwork/986.png"
"987","Flotte-Mèche","Flutter Mane","Spectre","Fée","https://raw.githubusercontent.com/PokeAPI/sprites/master/sprites/pokemon/other/official-artwork/987.png"
"988","Rampe-Ailes","Slither Wing","Insecte","Combat","https://raw.githubusercontent.com/PokeAPI/sprites/master/sprites/pokemon/other/official-artwork/988.png"
"989","Pelage-Sablé","Sandy Shocks","Électrik","Sol","https://raw.githubusercontent.com/PokeAPI/sprites/master/sprites/pokemon/other/official-artwork/989.png"
"990","Roue-de-Fer","Iron Treads","Sol","Acier","https://raw.githubusercontent.com/PokeAPI/sprites/master/sprites/pokemon/other/official-artwork/990.png"
"991","Hotte-de-Fer","Iron Bundle","Glace","Eau","https://raw.githubusercontent.com/PokeAPI/sprites/master/sprites/pokemon/other/official-artwork/991.png"
"992","Paume-de-Fer","Iron Hands","Combat","Électrik","https://raw.githubusercontent.com/PokeAPI/sprites/master/sprites/pokemon/other/official-artwork/992.png"
"993","Têtes-de-Fer","Iron Jugulis","Ténèbres","Vol","https://raw.githubusercontent.com/PokeAPI/sprites/master/sprites/pokemon/other/official-artwork/993.png"
"994","Mite-de-Fer","Iron Moth","Feu","Poison","https://raw.githubusercontent.com/PokeAPI/sprites/master/sprites/pokemon/other/official-artwork/994.png"
"995","Épine-de-Fer","Iron Thorns","Roche","Électrik","https://raw.githubusercontent.com/PokeAPI/sprites/master/sprites/pokemon/other/official-artwork/995.png"
"996","Frigodo","Frigibax","Dragon","Glace","https://raw.githubusercontent.com/PokeAPI/sprites/master/sprites/pokemon/other/official-artwork/996.png"
"997","Cryodo","Arctibax","Dragon","Glace","https://raw.githubusercontent.com/PokeAPI/sprites/master/sprites/pokemon/other/official-artwork/997.png"
"998","Glaivodo","Baxcalibur","Dragon","Glace","https://raw.githubusercontent.com/PokeAPI/sprites/master/sprites/pokemon/other/official-artwork/998.png"
"999","Mordudor","Gimmighoul","Spectre","","https://raw.githubusercontent.com/PokeAPI/sprites/master/sprites/pokemon/other/official-artwork/999.png"
"1000","Gromago","Gholdengo","Acier","Spectre","https://raw.githubusercontent.com/PokeAPI/sprites/master/sprites/pokemon/other/official-artwork/1000.png"
"1001","Chongjian","Wo-Chien","Ténèbres","Plante","https://raw.githubusercontent.com/PokeAPI/sprites/master/sprites/pokemon/other/official-artwork/1001.png"
"1002","Baojian","Chien-Pao","Ténèbres","Glace","https://raw.githubusercontent.com/PokeAPI/sprites/master/sprites/pokemon/other/official-artwork/1002.png"
"1003","Dinglu","Ting-Lu","Ténèbres","Sol","https://raw.githubusercontent.com/PokeAPI/sprites/master/sprites/pokemon/other/official-artwork/1003.png"
"1004","Yuyu","Chi-Yu","Ténèbres","Feu","https://raw.githubusercontent.com/PokeAPI/sprites/master/sprites/pokemon/other/official-artwork/1004.png"
"1005","Rugit-Lune","Roaring Moon","Dragon","Ténèbres","https://raw.githubusercontent.com/PokeAPI/sprites/master/sprites/pokemon/other/official-artwork/1005.png"
"1006","Garde-de-Fer","Iron Valiant","Fée","Combat","https://raw.githubusercontent.com/PokeAPI/sprites/master/sprites/pokemon/other/official-artwork/1006.png"
"1007","Koraidon","Koraidon","Combat","Dragon","https://raw.githubusercontent.com/PokeAPI/sprites/master/sprites/pokemon/other/official-artwork/1007.png"
"1008","Miraidon","Miraidon","Électrik","Dragon","https://raw.githubusercontent.com/PokeAPI/sprites/master/sprites/pokemon/other/official-artwork/1008.png"
"1009","Serpente-Eau","Walking Wake","Eau","Dragon","https://raw.githubusercontent.com/PokeAPI/sprites/master/sprites/pokemon/other/official-artwork/1009.png"
"1010","Vert-de-Fer","Iron Leaves","Plante","Psy","https://raw.githubusercontent.com/PokeAPI/sprites/master/sprites/pokemon/other/official-artwork/1010.png"
"1011","Pomdramour","Dipplin","Plante","Dragon","https://raw.githubusercontent.com/PokeAPI/sprites/master/sprites/pokemon/other/official-artwork/1011.png"
"1012","Poltchageist","Poltchageist","Plante","Spectre","https://raw.githubusercontent.com/PokeAPI/sprites/master/sprites/pokemon/other/official-artwork/1012.png"
"1013","Théffroyable","Sinistcha","Plante","Spectre","https://raw.githubusercontent.com/PokeAPI/sprites/master/sprites/pokemon/other/official-artwork/1013.png"
"1014","Félicanis","Okidogi","Poison","Combat","https://raw.githubusercontent.com/PokeAPI/sprites/master/sprites/pokemon/other/official-artwork/1014.png"
"1015","Fortusimia","Munkidori","Poison","Psy","https://raw.githubusercontent.com/PokeAPI/sprites/master/sprites/pokemon/other/official-artwork/1015.png"
"1016","Favianos","Fezandipiti","Poison","Fée","https://raw.githubusercontent.com/PokeAPI/sprites/master/sprites/pokemon/other/official-artwork/1016.png"
"1017","Ogerpon","Ogerpon","Plante","","https://raw.githubusercontent.com/PokeAPI/sprites/master/sprites/pokemon/other/official-artwork/1017.png"
"1018","Pondralugon","Archaludon","Acier","Dragon","https://raw.githubusercontent.com/PokeAPI/sprites/master/sprites/pokemon/other/official-artwork/1018.png"
"1019","Pomdorochi","Hydrapple","Plante","Dragon","https://raw.githubusercontent.com/PokeAPI/sprites/master/sprites/pokemon/other/official-artwork/1019.png"
"1020","Feu-Perçant","Gouging Fire","Feu","Dragon","https://raw.githubusercontent.com/PokeAPI/sprites/master/sprites/pokemon/other/official-artwork/1020.png"
"1021","Ire-Foudre","Raging Bolt","Électrik","Dragon","https://raw.githubusercontent.com/PokeAPI/sprites/master/sprites/pokemon/other/official-artwork/1021.png"
"1022","Roc-de-Fer","Iron Boulder","Roche","Psy","https://raw.githubusercontent.com/PokeAPI/sprites/master/sprites/pokemon/other/official-artwork/1022.png"
"1023","Chef-de-Fer","Iron Crown","Acier","Psy","https://raw.githubusercontent.com/PokeAPI/sprites/master/sprites/pokemon/other/official-artwork/1023.png"
"1024","Terapagos","Terapagos","Normal","","https://raw.githubusercontent.com/PokeAPI/sprites/master/sprites/pokemon/other/official-artwork/1024.png"
"1025","Pêchaminus","Pecharunt","Poison","Spectre","https://raw.githubusercontent.com/PokeAPI/sprites/master/sprites/pokemon/other/official-artwork/1025.png"